scene_id,attack_name,suite,category,port,success,pcap_packets,pcap_bytes,tcp_syn,tcp_data,tcp_fin,tcp_rst,payload_bytes,duration_ms,cvss,cve_reference,pcap_file
102343992,Buffer Overflow Cmd,firmware,buffer_overflow,15011,0,56,4576,8,12,8,0,1344,27.9,0.0,CVE-2020-12695 (UPnP buffer overflow in IoT devices),Buffer_Overflow_Cmd_scene102343_p15011.pcap
102343992,Buffer Overflow Setid,firmware,buffer_overflow,15011,0,62,3919,8,16,7,1,363,15.2,0.0,CVE-2021-28372 (ThroughTek IoT device overflow),Buffer_Overflow_Setid_scene102343_p15011.pcap
102343992,Auth Bypass No Token,firmware,authentication_bypass,15011,1,86,5137,12,19,12,0,177,9.1,0.0,CVE-2019-19356 (Netis router auth bypass),Auth_Bypass_No_Token_scene102343_p15011.pcap
102343992,Auth Bypass Empty Token,firmware,authentication_bypass,15011,1,70,4255,10,15,10,0,215,9.3,0.0,CVE-2020-25078 (D-Link DCS camera hardcoded credentials),Auth_Bypass_Empty_Token_scene102343_p15011.pcap
102343992,Info Disclosure Debug Dump,firmware,information_disclosure,15011,1,28,1726,4,6,4,0,110,3.4,0.0,CVE-2021-36260 (Hikvision debug endpoint info disclosure),Info_Disclosure_Debug_Dump_scene102343_p15011.pcap
102343992,Info Disclosure Token Leak,firmware,information_disclosure,15011,0,78,4701,10,20,9,1,225,7.0,0.0,,Info_Disclosure_Token_Leak_scene102343_p15011.pcap
102343992,Command Injection Newline,firmware,command_injection,15011,1,70,4145,10,16,9,1,117,416.2,0.0,CVE-2019-17621 (D-Link command injection),Command_Injection_Newline_scene102343_p15011.pcap
102343992,Command Injection Null Byte,firmware,command_injection,15011,0,14,838,2,3,2,0,30,3004.0,0.0,,Command_Injection_Null_Byte_scene102343_p15011.pcap
102343992,Fw Update Overflow,firmware,firmware_update_attack,15011,1,48,3159,6,13,5,1,411,16.8,0.0,CVE-2022-25845 (Firmware update vulnerability in smart devices),Fw_Update_Overflow_scene102343_p15011.pcap
102343992,Fw Update No Signature,firmware,firmware_update_attack,15011,1,28,1783,4,6,4,0,167,10.2,0.0,CVE-2020-10882 (TP-Link unsigned firmware update),Fw_Update_No_Signature_scene102343_p15011.pcap
102343992,Dos Rapid Commands,firmware,denial_of_service,15011,1,1232,71990,204,306,106,98,1726,673.0,0.0,,Dos_Rapid_Commands_scene102343_p15011.pcap
102343992,Dos Large Payload,firmware,denial_of_service,15011,0,94,92798,12,23,12,0,87390,1931.5,0.0,,Dos_Large_Payload_scene102343_p15011.pcap
102343992,State Manipulation Disarm,firmware,state_manipulation,15011,1,114,6744,16,25,16,0,168,210.4,0.0,CVE-2019-9483 (SimpliSafe alarm disarm vulnerability),State_Manipulation_Disarm_scene102343_p15011.pcap
102343992,State Manipulation Calibration,firmware,state_manipulation,15011,0,56,3378,8,12,8,0,146,5.2,0.0,,State_Manipulation_Calibration_scene102343_p15011.pcap
102343992,Replay Command,firmware,replay_attack,15011,1,56,3311,8,12,8,0,79,204.9,0.0,CVE-2018-11714 (Zigbee replay vulnerability),Replay_Command_scene102343_p15011.pcap
102343992,Fuzzing Random,firmware,protocol_fuzzing,15011,1,132,9069,18,30,18,0,1461,24035.3,0.0,,Fuzzing_Random_scene102343_p15011.pcap
102343992,Fuzzing Format Strings,firmware,protocol_fuzzing,15011,0,98,5991,14,21,14,0,335,8.5,0.0,CVE-2019-14889 (libssh format string vulnerability),Fuzzing_Format_Strings_scene102343_p15011.pcap
102343992,Schedule Oob Write,firmware,buffer_overflow,15011,0,112,6873,16,24,16,0,409,9.2,0.0,CVE-2021-33104 (IoT OOB write vulnerability),Schedule_Oob_Write_scene102343_p15011.pcap
102343992,Unauthorized Subscribe,network,mqtt_eavesdropping,15011,0,0,0,0,0,0,0,0,103.5,0.0,,Unauthorized_Subscribe_scene102343_p15011.pcap
102343992,Mqtt Message Injection,network,mqtt_message_injection,15011,0,0,0,0,0,0,0,0,105.5,0.0,,Mqtt_Message_Injection_scene102343_p15011.pcap
102343992,Mqtt Topic Hijack,network,mqtt_topic_hijack,15011,0,0,0,0,0,0,0,0,105.8,0.0,,Mqtt_Topic_Hijack_scene102343_p15011.pcap
102343992,Tcp Connection Hijack,network,tcp_connection_hijack,15011,1,20,1185,2,6,2,0,41,508.7,0.0,,Tcp_Connection_Hijack_scene102343_p15011.pcap
102343992,Tcp Mitm Proxy,network,tcp_man_in_the_middle,15011,1,17,1015,2,6,0,1,51,1109.9,0.0,,Tcp_Mitm_Proxy_scene102343_p15011.pcap
102343992,Tcp Flood,network,network_denial_of_service,15011,1,429,30390,104,58,52,3,5154,2514.0,0.0,,Tcp_Flood_scene102343_p15011.pcap
102343992,Zigbee Replay,network,protocol_replay,15011,1,6,334,0,2,2,1,10,0.4,0.0,,Zigbee_Replay_scene102343_p15011.pcap
102343992,Zigbee Key Extraction,network,protocol_downgrade,15011,1,0,0,0,0,0,0,0,0.4,0.0,,Zigbee_Key_Extraction_scene102343_p15011.pcap
102343992,Protocol Downgrade,network,protocol_downgrade,15011,0,10,591,2,1,2,0,7,3003.0,0.0,,Protocol_Downgrade_scene102343_p15011.pcap
102343992,Arp Spoof,network,arp_spoofing,15011,1,0,0,0,0,0,0,0,0.4,0.0,,Arp_Spoof_scene102343_p15011.pcap
102343992,Dns Poison,network,dns_poisoning,15011,1,0,0,0,0,0,0,0,0.3,0.0,,Dns_Poison_scene102343_p15011.pcap
102343992,Deauth,network,deauthentication_attack,15011,1,0,0,0,0,0,0,0,0.4,0.0,,Deauth_scene102343_p15011.pcap
102343992,Evil Twin,network,evil_twin_ap,15011,1,0,0,0,0,0,0,0,0.1,0.0,,Evil_Twin_scene102343_p15011.pcap
102343992,Traffic Fingerprinting,network,traffic_analysis,15011,0,31,1493,2,1,1,23,9,2306.4,0.0,,Traffic_Fingerprinting_scene102343_p15011.pcap
102343992,State-Update Delay Fu Type 1,phantom_delay,,15011,0,8,455,0,3,2,2,31,0.3,9.3,,State-Update_Delay_Fu_Type_1_scene102343_p15011.pcap
102343992,Erroneous Execution Fu Type 2,phantom_delay,,15011,0,0,0,0,0,0,0,0,0.1,9.3,,Erroneous_Execution_Fu_Type_2_scene102343_p15011.pcap
102343992,Action Reorder Fu Type 4,phantom_delay,,15011,0,0,0,0,0,0,0,0,0.1,9.3,,Action_Reorder_Fu_Type_4_scene102343_p15011.pcap
102344193,Buffer Overflow Cmd,firmware,buffer_overflow,15012,0,56,4576,8,12,8,0,1344,31.6,0.0,CVE-2020-12695 (UPnP buffer overflow in IoT devices),Buffer_Overflow_Cmd_scene102344_p15012.pcap
102344193,Buffer Overflow Setid,firmware,buffer_overflow,15012,0,62,3929,8,15,8,0,361,8.6,0.0,CVE-2021-28372 (ThroughTek IoT device overflow),Buffer_Overflow_Setid_scene102344_p15012.pcap
102344193,Auth Bypass No Token,firmware,authentication_bypass,15012,1,88,5249,12,20,12,0,177,10.5,0.0,CVE-2019-19356 (Netis router auth bypass),Auth_Bypass_No_Token_scene102344_p15012.pcap
102344193,Auth Bypass Empty Token,firmware,authentication_bypass,15012,1,70,4255,10,15,10,0,215,10.0,0.0,CVE-2020-25078 (D-Link DCS camera hardcoded credentials),Auth_Bypass_Empty_Token_scene102344_p15012.pcap
102344193,Info Disclosure Debug Dump,firmware,information_disclosure,15012,1,28,1725,4,6,4,0,109,4.1,0.0,CVE-2021-36260 (Hikvision debug endpoint info disclosure),Info_Disclosure_Debug_Dump_scene102344_p15012.pcap
102344193,Info Disclosure Token Leak,firmware,information_disclosure,15012,0,84,5060,10,22,10,0,236,9.6,0.0,,Info_Disclosure_Token_Leak_scene102344_p15012.pcap
102344193,Command Injection Newline,firmware,command_injection,15012,1,70,4131,10,16,9,1,103,409.3,0.0,CVE-2019-17621 (D-Link command injection),Command_Injection_Newline_scene102344_p15012.pcap
102344193,Command Injection Null Byte,firmware,command_injection,15012,0,14,838,2,3,2,0,30,3003.8,0.0,,Command_Injection_Null_Byte_scene102344_p15012.pcap
102344193,Fw Update Overflow,firmware,firmware_update_attack,15012,0,44,3051,6,10,6,0,515,14.0,0.0,CVE-2022-25845 (Firmware update vulnerability in smart devices),Fw_Update_Overflow_scene102344_p15012.pcap
102344193,Fw Update No Signature,firmware,firmware_update_attack,15012,0,28,1814,4,6,4,0,198,5.1,0.0,CVE-2020-10882 (TP-Link unsigned firmware update),Fw_Update_No_Signature_scene102344_p15012.pcap
102344193,Dos Rapid Commands,firmware,denial_of_service,15012,1,1289,75550,204,306,133,68,1734,568.4,0.0,,Dos_Rapid_Commands_scene102344_p15012.pcap
102344193,Dos Large Payload,firmware,denial_of_service,15012,0,94,92798,12,23,12,0,87390,1953.9,0.0,,Dos_Large_Payload_scene102344_p15012.pcap
102344193,State Manipulation Disarm,firmware,state_manipulation,15012,1,112,6632,16,24,16,0,168,211.6,0.0,CVE-2019-9483 (SimpliSafe alarm disarm vulnerability),State_Manipulation_Disarm_scene102344_p15012.pcap
102344193,State Manipulation Calibration,firmware,state_manipulation,15012,0,64,3802,8,16,8,0,122,7.0,0.0,,State_Manipulation_Calibration_scene102344_p15012.pcap
102344193,Replay Command,firmware,replay_attack,15012,1,56,3311,8,12,8,0,79,209.2,0.0,CVE-2018-11714 (Zigbee replay vulnerability),Replay_Command_scene102344_p15012.pcap
102344193,Fuzzing Random,firmware,protocol_fuzzing,15012,1,130,8906,18,30,17,1,1422,24036.0,0.0,,Fuzzing_Random_scene102344_p15012.pcap
102344193,Fuzzing Format Strings,firmware,protocol_fuzzing,15012,0,100,6103,14,22,14,0,335,9.0,0.0,CVE-2019-14889 (libssh format string vulnerability),Fuzzing_Format_Strings_scene102344_p15012.pcap
102344193,Schedule Oob Write,firmware,buffer_overflow,15012,0,114,6985,16,25,16,0,409,11.0,0.0,CVE-2021-33104 (IoT OOB write vulnerability),Schedule_Oob_Write_scene102344_p15012.pcap
102344193,Unauthorized Subscribe,network,mqtt_eavesdropping,15012,0,0,0,0,0,0,0,0,104.3,0.0,,Unauthorized_Subscribe_scene102344_p15012.pcap
102344193,Mqtt Message Injection,network,mqtt_message_injection,15012,0,0,0,0,0,0,0,0,101.7,0.0,,Mqtt_Message_Injection_scene102344_p15012.pcap
102344193,Mqtt Topic Hijack,network,mqtt_topic_hijack,15012,0,0,0,0,0,0,0,0,106.1,0.0,,Mqtt_Topic_Hijack_scene102344_p15012.pcap
102344193,Tcp Connection Hijack,network,tcp_connection_hijack,15012,1,20,1185,2,6,2,0,41,508.3,0.0,,Tcp_Connection_Hijack_scene102344_p15012.pcap
102344193,Tcp Mitm Proxy,network,tcp_man_in_the_middle,15012,1,17,1015,2,6,0,1,51,1116.5,0.0,,Tcp_Mitm_Proxy_scene102344_p15012.pcap
102344193,Tcp Flood,network,network_denial_of_service,15012,1,428,30410,104,58,52,3,5230,2513.7,0.0,,Tcp_Flood_scene102344_p15012.pcap
102344193,Zigbee Replay,network,protocol_replay,15012,1,6,360,0,2,2,1,36,0.3,0.0,,Zigbee_Replay_scene102344_p15012.pcap
102344193,Zigbee Key Extraction,network,protocol_downgrade,15012,1,0,0,0,0,0,0,0,0.4,0.0,,Zigbee_Key_Extraction_scene102344_p15012.pcap
102344193,Protocol Downgrade,network,protocol_downgrade,15012,0,14,815,2,1,4,0,7,3002.0,0.0,,Protocol_Downgrade_scene102344_p15012.pcap
102344193,Arp Spoof,network,arp_spoofing,15012,1,0,0,0,0,0,0,0,0.1,0.0,,Arp_Spoof_scene102344_p15012.pcap
102344193,Dns Poison,network,dns_poisoning,15012,1,0,0,0,0,0,0,0,0.2,0.0,,Dns_Poison_scene102344_p15012.pcap
102344193,Deauth,network,deauthentication_attack,15012,1,0,0,0,0,0,0,0,0.2,0.0,,Deauth_scene102344_p15012.pcap
102344193,Evil Twin,network,evil_twin_ap,15012,1,0,0,0,0,0,0,0,0.2,0.0,,Evil_Twin_scene102344_p15012.pcap
102344193,Traffic Fingerprinting,network,traffic_analysis,15012,0,39,1845,2,1,1,31,9,2304.2,0.0,,Traffic_Fingerprinting_scene102344_p15012.pcap
102344193,State-Update Delay Fu Type 1,phantom_delay,,15012,0,10,601,0,5,2,3,77,0.1,9.3,,State-Update_Delay_Fu_Type_1_scene102344_p15012.pcap
102344193,Erroneous Execution Fu Type 2,phantom_delay,,15012,0,0,0,0,0,0,0,0,0.2,9.3,,Erroneous_Execution_Fu_Type_2_scene102344_p15012.pcap
102344193,Action Reorder Fu Type 4,phantom_delay,,15012,0,0,0,0,0,0,0,0,0.1,9.3,,Action_Reorder_Fu_Type_4_scene102344_p15012.pcap
102344439,Buffer Overflow Cmd,firmware,buffer_overflow,15011,0,58,4688,8,13,8,0,1344,29.2,0.0,CVE-2020-12695 (UPnP buffer overflow in IoT devices),Buffer_Overflow_Cmd_scene102344_p15011.pcap
102344439,Buffer Overflow Setid,firmware,buffer_overflow,15011,0,56,3610,8,12,8,0,378,6.2,0.0,CVE-2021-28372 (ThroughTek IoT device overflow),Buffer_Overflow_Setid_scene102344_p15011.pcap
102344439,Auth Bypass No Token,firmware,authentication_bypass,15011,1,84,5102,12,18,12,0,254,5.9,0.0,CVE-2019-19356 (Netis router auth bypass),Auth_Bypass_No_Token_scene102344_p15011.pcap
102344439,Auth Bypass Empty Token,firmware,authentication_bypass,15011,1,70,4255,10,15,10,0,215,7.7,0.0,CVE-2020-25078 (D-Link DCS camera hardcoded credentials),Auth_Bypass_Empty_Token_scene102344_p15011.pcap
102344439,Info Disclosure Debug Dump,firmware,information_disclosure,15011,1,28,1779,4,6,4,0,163,3.9,0.0,CVE-2021-36260 (Hikvision debug endpoint info disclosure),Info_Disclosure_Debug_Dump_scene102344_p15011.pcap
102344439,Info Disclosure Token Leak,firmware,information_disclosure,15011,0,70,4301,10,15,10,0,261,6.4,0.0,,Info_Disclosure_Token_Leak_scene102344_p15011.pcap
102344439,Command Injection Newline,firmware,command_injection,15011,1,70,4145,10,16,9,1,117,410.0,0.0,CVE-2019-17621 (D-Link command injection),Command_Injection_Newline_scene102344_p15011.pcap
102344439,Command Injection Null Byte,firmware,command_injection,15011,0,14,838,2,3,2,0,30,3003.4,0.0,,Command_Injection_Null_Byte_scene102344_p15011.pcap
102344439,Fw Update Overflow,firmware,firmware_update_attack,15011,1,42,2835,6,9,6,0,411,10.1,0.0,CVE-2022-25845 (Firmware update vulnerability in smart devices),Fw_Update_Overflow_scene102344_p15011.pcap
102344439,Fw Update No Signature,firmware,firmware_update_attack,15011,1,28,1783,4,6,4,0,167,4.8,0.0,CVE-2020-10882 (TP-Link unsigned firmware update),Fw_Update_No_Signature_scene102344_p15011.pcap
102344439,Dos Rapid Commands,firmware,denial_of_service,15011,1,1238,72362,204,306,109,95,1726,608.9,0.0,,Dos_Rapid_Commands_scene102344_p15011.pcap
102344439,Dos Large Payload,firmware,denial_of_service,15011,0,98,93022,12,25,12,0,87390,1957.2,0.0,,Dos_Large_Payload_scene102344_p15011.pcap
102344439,State Manipulation Disarm,firmware,state_manipulation,15011,1,112,6632,16,24,16,0,168,212.5,0.0,CVE-2019-9483 (SimpliSafe alarm disarm vulnerability),State_Manipulation_Disarm_scene102344_p15011.pcap
102344439,State Manipulation Calibration,firmware,state_manipulation,15011,0,56,3378,8,12,8,0,146,5.5,0.0,,State_Manipulation_Calibration_scene102344_p15011.pcap
102344439,Replay Command,firmware,replay_attack,15011,1,56,3311,8,12,8,0,79,210.3,0.0,CVE-2018-11714 (Zigbee replay vulnerability),Replay_Command_scene102344_p15011.pcap
102344439,Fuzzing Random,firmware,protocol_fuzzing,15011,1,122,8420,18,26,17,1,1384,24097.2,0.0,,Fuzzing_Random_scene102344_p15011.pcap
102344439,Fuzzing Format Strings,firmware,protocol_fuzzing,15011,0,98,5991,14,21,14,0,335,8.6,0.0,CVE-2019-14889 (libssh format string vulnerability),Fuzzing_Format_Strings_scene102344_p15011.pcap
102344439,Schedule Oob Write,firmware,buffer_overflow,15011,0,112,6873,16,24,16,0,409,9.8,0.0,CVE-2021-33104 (IoT OOB write vulnerability),Schedule_Oob_Write_scene102344_p15011.pcap
102344439,Unauthorized Subscribe,network,mqtt_eavesdropping,15011,0,0,0,0,0,0,0,0,104.7,0.0,,Unauthorized_Subscribe_scene102344_p15011.pcap
102344439,Mqtt Message Injection,network,mqtt_message_injection,15011,0,0,0,0,0,0,0,0,102.7,0.0,,Mqtt_Message_Injection_scene102344_p15011.pcap
102344439,Mqtt Topic Hijack,network,mqtt_topic_hijack,15011,0,0,0,0,0,0,0,0,103.6,0.0,,Mqtt_Topic_Hijack_scene102344_p15011.pcap
102344439,Tcp Connection Hijack,network,tcp_connection_hijack,15011,1,20,1185,2,6,2,0,41,510.4,0.0,,Tcp_Connection_Hijack_scene102344_p15011.pcap
102344439,Tcp Mitm Proxy,network,tcp_man_in_the_middle,15011,1,17,1015,2,6,0,1,51,1114.8,0.0,,Tcp_Mitm_Proxy_scene102344_p15011.pcap
102344439,Tcp Flood,network,network_denial_of_service,15011,1,427,30277,104,57,52,3,5153,2515.0,0.0,,Tcp_Flood_scene102344_p15011.pcap
102344439,Zigbee Replay,network,protocol_replay,15011,1,2,112,0,0,1,0,0,0.4,0.0,,Zigbee_Replay_scene102344_p15011.pcap
102344439,Zigbee Key Extraction,network,protocol_downgrade,15011,1,0,0,0,0,0,0,0,0.4,0.0,,Zigbee_Key_Extraction_scene102344_p15011.pcap
102344439,Protocol Downgrade,network,protocol_downgrade,15011,0,12,703,2,1,3,0,7,3002.0,0.0,,Protocol_Downgrade_scene102344_p15011.pcap
102344439,Arp Spoof,network,arp_spoofing,15011,1,0,0,0,0,0,0,0,0.3,0.0,,Arp_Spoof_scene102344_p15011.pcap
102344439,Dns Poison,network,dns_poisoning,15011,1,0,0,0,0,0,0,0,0.3,0.0,,Dns_Poison_scene102344_p15011.pcap
102344439,Deauth,network,deauthentication_attack,15011,1,0,0,0,0,0,0,0,0.5,0.0,,Deauth_scene102344_p15011.pcap
102344439,Evil Twin,network,evil_twin_ap,15011,1,0,0,0,0,0,0,0,0.3,0.0,,Evil_Twin_scene102344_p15011.pcap
102344439,Traffic Fingerprinting,network,traffic_analysis,15011,0,37,1757,2,1,1,29,9,2303.2,0.0,,Traffic_Fingerprinting_scene102344_p15011.pcap
102344439,State-Update Delay Fu Type 1,phantom_delay,,15011,0,12,614,0,2,1,2,2,0.3,9.3,,State-Update_Delay_Fu_Type_1_scene102344_p15011.pcap
102344439,Erroneous Execution Fu Type 2,phantom_delay,,15011,0,0,0,0,0,0,0,0,0.2,9.3,,Erroneous_Execution_Fu_Type_2_scene102344_p15011.pcap
102344439,Action Reorder Fu Type 4,phantom_delay,,15011,0,0,0,0,0,0,0,0,0.3,9.3,,Action_Reorder_Fu_Type_4_scene102344_p15011.pcap
102816009,Buffer Overflow Cmd,firmware,buffer_overflow,15012,0,56,4576,8,12,8,0,1344,33.3,0.0,CVE-2020-12695 (UPnP buffer overflow in IoT devices),Buffer_Overflow_Cmd_scene102816_p15012.pcap
102816009,Buffer Overflow Setid,firmware,buffer_overflow,15012,0,58,3720,8,13,8,0,376,7.0,0.0,CVE-2021-28372 (ThroughTek IoT device overflow),Buffer_Overflow_Setid_scene102816_p15012.pcap
102816009,Auth Bypass No Token,firmware,authentication_bypass,15012,1,86,5168,12,19,12,0,208,7.0,0.0,CVE-2019-19356 (Netis router auth bypass),Auth_Bypass_No_Token_scene102816_p15012.pcap
102816009,Auth Bypass Empty Token,firmware,authentication_bypass,15012,1,70,4255,10,15,10,0,215,8.8,0.0,CVE-2020-25078 (D-Link DCS camera hardcoded credentials),Auth_Bypass_Empty_Token_scene102816_p15012.pcap
102816009,Info Disclosure Debug Dump,firmware,information_disclosure,15012,1,28,1733,4,6,4,0,117,3.4,0.0,CVE-2021-36260 (Hikvision debug endpoint info disclosure),Info_Disclosure_Debug_Dump_scene102816_p15012.pcap
102816009,Info Disclosure Token Leak,firmware,information_disclosure,15012,0,72,4389,10,16,10,0,237,7.8,0.0,,Info_Disclosure_Token_Leak_scene102816_p15012.pcap
102816009,Command Injection Newline,firmware,command_injection,15012,1,70,4145,10,16,9,1,117,416.0,0.0,CVE-2019-17621 (D-Link command injection),Command_Injection_Newline_scene102816_p15012.pcap
102816009,Command Injection Null Byte,firmware,command_injection,15012,0,14,838,2,3,2,0,30,3003.4,0.0,,Command_Injection_Null_Byte_scene102816_p15012.pcap
102816009,Fw Update Overflow,firmware,firmware_update_attack,15012,0,42,2939,6,9,6,0,515,12.3,0.0,CVE-2022-25845 (Firmware update vulnerability in smart devices),Fw_Update_Overflow_scene102816_p15012.pcap
102816009,Fw Update No Signature,firmware,firmware_update_attack,15012,0,28,1814,4,6,4,0,198,5.4,0.0,CVE-2020-10882 (TP-Link unsigned firmware update),Fw_Update_No_Signature_scene102816_p15012.pcap
102816009,Dos Rapid Commands,firmware,denial_of_service,15012,1,1250,73126,204,306,114,88,1734,611.5,0.0,,Dos_Rapid_Commands_scene102816_p15012.pcap
102816009,Dos Large Payload,firmware,denial_of_service,15012,0,94,92798,12,23,12,0,87390,1955.2,0.0,,Dos_Large_Payload_scene102816_p15012.pcap
102816009,State Manipulation Disarm,firmware,state_manipulation,15012,1,114,6744,16,25,16,0,168,218.0,0.0,CVE-2019-9483 (SimpliSafe alarm disarm vulnerability),State_Manipulation_Disarm_scene102816_p15012.pcap
102816009,State Manipulation Calibration,firmware,state_manipulation,15012,0,58,3464,8,13,8,0,120,5.7,0.0,,State_Manipulation_Calibration_scene102816_p15012.pcap
102816009,Replay Command,firmware,replay_attack,15012,1,56,3311,8,12,8,0,79,205.4,0.0,CVE-2018-11714 (Zigbee replay vulnerability),Replay_Command_scene102816_p15012.pcap
102816009,Fuzzing Random,firmware,protocol_fuzzing,15012,0,138,9384,18,33,18,0,1440,24045.1,0.0,,Fuzzing_Random_scene102816_p15012.pcap
102816009,Fuzzing Format Strings,firmware,protocol_fuzzing,15012,0,100,6103,14,22,14,0,335,9.4,0.0,CVE-2019-14889 (libssh format string vulnerability),Fuzzing_Format_Strings_scene102816_p15012.pcap
102816009,Schedule Oob Write,firmware,buffer_overflow,15012,0,120,7321,16,28,16,0,409,11.2,0.0,CVE-2021-33104 (IoT OOB write vulnerability),Schedule_Oob_Write_scene102816_p15012.pcap
102816009,Unauthorized Subscribe,network,mqtt_eavesdropping,15012,0,0,0,0,0,0,0,0,104.1,0.0,,Unauthorized_Subscribe_scene102816_p15012.pcap
102816009,Mqtt Message Injection,network,mqtt_message_injection,15012,0,0,0,0,0,0,0,0,106.5,0.0,,Mqtt_Message_Injection_scene102816_p15012.pcap
102816009,Mqtt Topic Hijack,network,mqtt_topic_hijack,15012,0,0,0,0,0,0,0,0,106.4,0.0,,Mqtt_Topic_Hijack_scene102816_p15012.pcap
102816009,Tcp Connection Hijack,network,tcp_connection_hijack,15012,1,20,1185,2,6,2,0,41,510.3,0.0,,Tcp_Connection_Hijack_scene102816_p15012.pcap
102816009,Tcp Mitm Proxy,network,tcp_man_in_the_middle,15012,1,17,1015,2,6,0,1,51,1123.7,0.0,,Tcp_Mitm_Proxy_scene102816_p15012.pcap
102816009,Tcp Flood,network,network_denial_of_service,15012,1,431,30546,104,59,53,3,5198,2522.2,0.0,,Tcp_Flood_scene102816_p15012.pcap
102816009,Zigbee Replay,network,protocol_replay,15012,1,4,213,0,1,1,1,1,0.3,0.0,,Zigbee_Replay_scene102816_p15012.pcap
102816009,Zigbee Key Extraction,network,protocol_downgrade,15012,1,0,0,0,0,0,0,0,0.4,0.0,,Zigbee_Key_Extraction_scene102816_p15012.pcap
102816009,Protocol Downgrade,network,protocol_downgrade,15012,0,12,701,2,3,1,1,17,1.3,0.0,,Protocol_Downgrade_scene102816_p15012.pcap
102816009,Arp Spoof,network,arp_spoofing,15012,1,30,1667,0,3,13,2,11,0.2,0.0,,Arp_Spoof_scene102816_p15012.pcap
102816009,Dns Poison,network,dns_poisoning,15012,1,0,0,0,0,0,0,0,0.3,0.0,,Dns_Poison_scene102816_p15012.pcap
102816009,Deauth,network,deauthentication_attack,15012,1,0,0,0,0,0,0,0,0.5,0.0,,Deauth_scene102816_p15012.pcap
102816009,Evil Twin,network,evil_twin_ap,15012,1,0,0,0,0,0,0,0,0.2,0.0,,Evil_Twin_scene102816_p15012.pcap
102816009,Traffic Fingerprinting,network,traffic_analysis,15012,0,8,481,2,1,1,0,9,2312.9,0.0,,Traffic_Fingerprinting_scene102816_p15012.pcap
102816009,State-Update Delay Fu Type 1,phantom_delay,,15012,0,13,572,0,0,0,13,0,0.2,9.3,,State-Update_Delay_Fu_Type_1_scene102816_p15012.pcap
102816009,Erroneous Execution Fu Type 2,phantom_delay,,15012,0,0,0,0,0,0,0,0,0.1,9.3,,Erroneous_Execution_Fu_Type_2_scene102816_p15012.pcap
102816009,Action Reorder Fu Type 4,phantom_delay,,15012,0,2,100,0,0,0,0,0,0.1,9.3,,Action_Reorder_Fu_Type_4_scene102816_p15012.pcap
102816615,Buffer Overflow Cmd,firmware,buffer_overflow,15011,0,58,4688,8,13,8,0,1344,26.9,0.0,CVE-2020-12695 (UPnP buffer overflow in IoT devices),Buffer_Overflow_Cmd_scene102816_p15011.pcap
102816615,Buffer Overflow Setid,firmware,buffer_overflow,15011,0,60,3834,8,14,8,0,378,6.1,0.0,CVE-2021-28372 (ThroughTek IoT device overflow),Buffer_Overflow_Setid_scene102816_p15011.pcap
102816615,Auth Bypass No Token,firmware,authentication_bypass,15011,1,86,5214,12,19,12,0,254,6.2,0.0,CVE-2019-19356 (Netis router auth bypass),Auth_Bypass_No_Token_scene102816_p15011.pcap
102816615,Auth Bypass Empty Token,firmware,authentication_bypass,15011,1,70,4255,10,15,10,0,215,6.2,0.0,CVE-2020-25078 (D-Link DCS camera hardcoded credentials),Auth_Bypass_Empty_Token_scene102816_p15011.pcap
102816615,Info Disclosure Debug Dump,firmware,information_disclosure,15011,1,28,1779,4,6,4,0,163,4.4,0.0,CVE-2021-36260 (Hikvision debug endpoint info disclosure),Info_Disclosure_Debug_Dump_scene102816_p15011.pcap
102816615,Info Disclosure Token Leak,firmware,information_disclosure,15011,0,72,4413,10,16,10,0,261,6.1,0.0,,Info_Disclosure_Token_Leak_scene102816_p15011.pcap
102816615,Command Injection Newline,firmware,command_injection,15011,1,70,4131,10,16,9,1,103,420.9,0.0,CVE-2019-17621 (D-Link command injection),Command_Injection_Newline_scene102816_p15011.pcap
102816615,Command Injection Null Byte,firmware,command_injection,15011,0,14,838,2,3,2,0,30,3004.3,0.0,,Command_Injection_Null_Byte_scene102816_p15011.pcap
102816615,Fw Update Overflow,firmware,firmware_update_attack,15011,1,42,2835,6,9,6,0,411,13.0,0.0,CVE-2022-25845 (Firmware update vulnerability in smart devices),Fw_Update_Overflow_scene102816_p15011.pcap
102816615,Fw Update No Signature,firmware,firmware_update_attack,15011,1,28,1783,4,6,4,0,167,5.3,0.0,CVE-2020-10882 (TP-Link unsigned firmware update),Fw_Update_No_Signature_scene102816_p15011.pcap
102816615,Dos Rapid Commands,firmware,denial_of_service,15011,1,1261,73784,204,309,116,84,1728,585.0,0.0,,Dos_Rapid_Commands_scene102816_p15011.pcap
102816615,Dos Large Payload,firmware,denial_of_service,15011,0,94,92798,12,23,12,0,87390,1737.2,0.0,,Dos_Large_Payload_scene102816_p15011.pcap
102816615,State Manipulation Disarm,firmware,state_manipulation,15011,1,112,6632,16,24,16,0,168,209.4,0.0,CVE-2019-9483 (SimpliSafe alarm disarm vulnerability),State_Manipulation_Disarm_scene102816_p15011.pcap
102816615,State Manipulation Calibration,firmware,state_manipulation,15011,0,56,3378,8,12,8,0,146,5.2,0.0,,State_Manipulation_Calibration_scene102816_p15011.pcap
102816615,Replay Command,firmware,replay_attack,15011,1,56,3311,8,12,8,0,79,215.3,0.0,CVE-2018-11714 (Zigbee replay vulnerability),Replay_Command_scene102816_p15011.pcap
102816615,Fuzzing Random,firmware,protocol_fuzzing,15011,1,132,9097,18,31,17,1,1501,24035.6,0.0,,Fuzzing_Random_scene102816_p15011.pcap
102816615,Fuzzing Format Strings,firmware,protocol_fuzzing,15011,0,98,5991,14,21,14,0,335,8.7,0.0,CVE-2019-14889 (libssh format string vulnerability),Fuzzing_Format_Strings_scene102816_p15011.pcap
102816615,Schedule Oob Write,firmware,buffer_overflow,15011,0,112,6873,16,24,16,0,409,8.8,0.0,CVE-2021-33104 (IoT OOB write vulnerability),Schedule_Oob_Write_scene102816_p15011.pcap
102816615,Unauthorized Subscribe,network,mqtt_eavesdropping,15011,0,0,0,0,0,0,0,0,106.2,0.0,,Unauthorized_Subscribe_scene102816_p15011.pcap
102816615,Mqtt Message Injection,network,mqtt_message_injection,15011,0,0,0,0,0,0,0,0,105.5,0.0,,Mqtt_Message_Injection_scene102816_p15011.pcap
102816615,Mqtt Topic Hijack,network,mqtt_topic_hijack,15011,0,0,0,0,0,0,0,0,104.8,0.0,,Mqtt_Topic_Hijack_scene102816_p15011.pcap
102816615,Tcp Connection Hijack,network,tcp_connection_hijack,15011,1,20,1185,2,6,2,0,41,509.9,0.0,,Tcp_Connection_Hijack_scene102816_p15011.pcap
102816615,Tcp Mitm Proxy,network,tcp_man_in_the_middle,15011,1,17,1015,2,6,0,1,51,1104.0,0.0,,Tcp_Mitm_Proxy_scene102816_p15011.pcap
102816615,Tcp Flood,network,network_denial_of_service,15011,1,427,30277,104,57,52,3,5153,2513.0,0.0,,Tcp_Flood_scene102816_p15011.pcap
102816615,Zigbee Replay,network,protocol_replay,15011,1,6,334,0,2,2,1,10,0.4,0.0,,Zigbee_Replay_scene102816_p15011.pcap
102816615,Zigbee Key Extraction,network,protocol_downgrade,15011,1,0,0,0,0,0,0,0,0.1,0.0,,Zigbee_Key_Extraction_scene102816_p15011.pcap
102816615,Protocol Downgrade,network,protocol_downgrade,15011,0,11,645,2,3,0,1,17,2.7,0.0,,Protocol_Downgrade_scene102816_p15011.pcap
102816615,Arp Spoof,network,arp_spoofing,15011,1,18,975,0,3,6,3,3,0.3,0.0,,Arp_Spoof_scene102816_p15011.pcap
102816615,Dns Poison,network,dns_poisoning,15011,1,0,0,0,0,0,0,0,0.4,0.0,,Dns_Poison_scene102816_p15011.pcap
102816615,Deauth,network,deauthentication_attack,15011,1,0,0,0,0,0,0,0,0.3,0.0,,Deauth_scene102816_p15011.pcap
102816615,Evil Twin,network,evil_twin_ap,15011,1,0,0,0,0,0,0,0,0.3,0.0,,Evil_Twin_scene102816_p15011.pcap
102816615,Traffic Fingerprinting,network,traffic_analysis,15011,0,8,481,2,1,1,0,9,2304.8,0.0,,Traffic_Fingerprinting_scene102816_p15011.pcap
102816615,State-Update Delay Fu Type 1,phantom_delay,,15011,0,28,1232,0,0,0,28,0,0.2,9.3,,State-Update_Delay_Fu_Type_1_scene102816_p15011.pcap
102816615,Erroneous Execution Fu Type 2,phantom_delay,,15011,0,0,0,0,0,0,0,0,0.3,9.3,,Erroneous_Execution_Fu_Type_2_scene102816_p15011.pcap
102816615,Action Reorder Fu Type 4,phantom_delay,,15011,0,4,200,0,0,0,0,0,0.3,9.3,,Action_Reorder_Fu_Type_4_scene102816_p15011.pcap
102816852,Buffer Overflow Cmd,firmware,buffer_overflow,15012,0,56,4576,8,12,8,0,1344,30.9,0.0,CVE-2020-12695 (UPnP buffer overflow in IoT devices),Buffer_Overflow_Cmd_scene102816_p15012.pcap
102816852,Buffer Overflow Setid,firmware,buffer_overflow,15012,0,60,3832,8,14,8,0,376,7.5,0.0,CVE-2021-28372 (ThroughTek IoT device overflow),Buffer_Overflow_Setid_scene102816_p15012.pcap
102816852,Auth Bypass No Token,firmware,authentication_bypass,15012,1,90,5394,12,21,12,0,210,23.2,0.0,CVE-2019-19356 (Netis router auth bypass),Auth_Bypass_No_Token_scene102816_p15012.pcap
102816852,Auth Bypass Empty Token,firmware,authentication_bypass,15012,1,70,4255,10,15,10,0,215,8.0,0.0,CVE-2020-25078 (D-Link DCS camera hardcoded credentials),Auth_Bypass_Empty_Token_scene102816_p15012.pcap
102816852,Info Disclosure Debug Dump,firmware,information_disclosure,15012,1,28,1735,4,6,4,0,119,4.1,0.0,CVE-2021-36260 (Hikvision debug endpoint info disclosure),Info_Disclosure_Debug_Dump_scene102816_p15012.pcap
102816852,Info Disclosure Token Leak,firmware,information_disclosure,15012,0,70,4278,10,15,10,0,238,6.1,0.0,,Info_Disclosure_Token_Leak_scene102816_p15012.pcap
102816852,Command Injection Newline,firmware,command_injection,15012,1,70,4131,10,16,9,1,103,417.3,0.0,CVE-2019-17621 (D-Link command injection),Command_Injection_Newline_scene102816_p15012.pcap
102816852,Command Injection Null Byte,firmware,command_injection,15012,0,14,838,2,3,2,0,30,3003.8,0.0,,Command_Injection_Null_Byte_scene102816_p15012.pcap
102816852,Fw Update Overflow,firmware,firmware_update_attack,15012,0,42,2939,6,9,6,0,515,14.3,0.0,CVE-2022-25845 (Firmware update vulnerability in smart devices),Fw_Update_Overflow_scene102816_p15012.pcap
102816852,Fw Update No Signature,firmware,firmware_update_attack,15012,0,28,1814,4,6,4,0,198,5.6,0.0,CVE-2020-10882 (TP-Link unsigned firmware update),Fw_Update_No_Signature_scene102816_p15012.pcap
102816852,Dos Rapid Commands,firmware,denial_of_service,15012,1,1248,73048,204,306,109,85,1732,571.6,0.0,,Dos_Rapid_Commands_scene102816_p15012.pcap
102816852,Dos Large Payload,firmware,denial_of_service,15012,0,94,92798,12,23,12,0,87390,2047.2,0.0,,Dos_Large_Payload_scene102816_p15012.pcap
102816852,State Manipulation Disarm,firmware,state_manipulation,15012,1,112,6632,16,24,16,0,168,210.1,0.0,CVE-2019-9483 (SimpliSafe alarm disarm vulnerability),State_Manipulation_Disarm_scene102816_p15012.pcap
102816852,State Manipulation Calibration,firmware,state_manipulation,15012,0,56,3352,8,12,8,0,120,4.2,0.0,,State_Manipulation_Calibration_scene102816_p15012.pcap
102816852,Replay Command,firmware,replay_attack,15012,1,56,3311,8,12,8,0,79,207.3,0.0,CVE-2018-11714 (Zigbee replay vulnerability),Replay_Command_scene102816_p15012.pcap
102816852,Fuzzing Random,firmware,protocol_fuzzing,15012,1,130,8918,18,30,17,1,1434,24054.9,0.0,,Fuzzing_Random_scene102816_p15012.pcap
102816852,Fuzzing Format Strings,firmware,protocol_fuzzing,15012,0,102,6215,14,23,14,0,335,10.5,0.0,CVE-2019-14889 (libssh format string vulnerability),Fuzzing_Format_Strings_scene102816_p15012.pcap
102816852,Schedule Oob Write,firmware,buffer_overflow,15012,0,116,7097,16,26,16,0,409,11.2,0.0,CVE-2021-33104 (IoT OOB write vulnerability),Schedule_Oob_Write_scene102816_p15012.pcap
102816852,Unauthorized Subscribe,network,mqtt_eavesdropping,15012,0,0,0,0,0,0,0,0,104.7,0.0,,Unauthorized_Subscribe_scene102816_p15012.pcap
102816852,Mqtt Message Injection,network,mqtt_message_injection,15012,0,0,0,0,0,0,0,0,104.6,0.0,,Mqtt_Message_Injection_scene102816_p15012.pcap
102816852,Mqtt Topic Hijack,network,mqtt_topic_hijack,15012,0,0,0,0,0,0,0,0,104.6,0.0,,Mqtt_Topic_Hijack_scene102816_p15012.pcap
102816852,Tcp Connection Hijack,network,tcp_connection_hijack,15012,1,20,1185,2,6,2,0,41,508.8,0.0,,Tcp_Connection_Hijack_scene102816_p15012.pcap
102816852,Tcp Mitm Proxy,network,tcp_man_in_the_middle,15012,1,17,1015,2,6,0,1,51,1110.4,0.0,,Tcp_Mitm_Proxy_scene102816_p15012.pcap
102816852,Tcp Flood,network,network_denial_of_service,15012,1,426,30210,104,58,50,4,5154,2513.3,0.0,,Tcp_Flood_scene102816_p15012.pcap
102816852,Zigbee Replay,network,protocol_replay,15012,1,4,222,0,2,1,1,10,0.6,0.0,,Zigbee_Replay_scene102816_p15012.pcap
102816852,Zigbee Key Extraction,network,protocol_downgrade,15012,1,0,0,0,0,0,0,0,0.2,0.0,,Zigbee_Key_Extraction_scene102816_p15012.pcap
102816852,Protocol Downgrade,network,protocol_downgrade,15012,0,10,591,2,1,2,0,7,3002.7,0.0,,Protocol_Downgrade_scene102816_p15012.pcap
102816852,Arp Spoof,network,arp_spoofing,15012,1,0,0,0,0,0,0,0,0.4,0.0,,Arp_Spoof_scene102816_p15012.pcap
102816852,Dns Poison,network,dns_poisoning,15012,1,0,0,0,0,0,0,0,0.2,0.0,,Dns_Poison_scene102816_p15012.pcap
102816852,Deauth,network,deauthentication_attack,15012,1,0,0,0,0,0,0,0,0.4,0.0,,Deauth_scene102816_p15012.pcap
102816852,Evil Twin,network,evil_twin_ap,15012,1,0,0,0,0,0,0,0,0.4,0.0,,Evil_Twin_scene102816_p15012.pcap
102816852,Traffic Fingerprinting,network,traffic_analysis,15012,0,37,1757,2,1,1,29,9,2302.8,0.0,,Traffic_Fingerprinting_scene102816_p15012.pcap
102816852,State-Update Delay Fu Type 1,phantom_delay,,15012,0,8,443,0,4,1,3,31,0.3,9.3,,State-Update_Delay_Fu_Type_1_scene102816_p15012.pcap
102816852,Erroneous Execution Fu Type 2,phantom_delay,,15012,0,0,0,0,0,0,0,0,0.4,9.3,,Erroneous_Execution_Fu_Type_2_scene102816_p15012.pcap
102816852,Action Reorder Fu Type 4,phantom_delay,,15012,0,0,0,0,0,0,0,0,0.3,9.3,,Action_Reorder_Fu_Type_4_scene102816_p15012.pcap
103997445_171030492,Buffer Overflow Cmd,firmware,buffer_overflow,15011,0,56,4576,8,12,8,0,1344,28.5,0.0,CVE-2020-12695 (UPnP buffer overflow in IoT devices),Buffer_Overflow_Cmd_scene103997_p15011.pcap
103997445_171030492,Buffer Overflow Setid,firmware,buffer_overflow,15011,0,60,3834,8,14,8,0,378,12.9,0.0,CVE-2021-28372 (ThroughTek IoT device overflow),Buffer_Overflow_Setid_scene103997_p15011.pcap
103997445_171030492,Auth Bypass No Token,firmware,authentication_bypass,15011,1,84,5102,12,18,12,0,254,7.0,0.0,CVE-2019-19356 (Netis router auth bypass),Auth_Bypass_No_Token_scene103997_p15011.pcap
103997445_171030492,Auth Bypass Empty Token,firmware,authentication_bypass,15011,1,70,4255,10,15,10,0,215,12.5,0.0,CVE-2020-25078 (D-Link DCS camera hardcoded credentials),Auth_Bypass_Empty_Token_scene103997_p15011.pcap
103997445_171030492,Info Disclosure Debug Dump,firmware,information_disclosure,15011,1,28,1779,4,6,4,0,163,4.4,0.0,CVE-2021-36260 (Hikvision debug endpoint info disclosure),Info_Disclosure_Debug_Dump_scene103997_p15011.pcap
103997445_171030492,Info Disclosure Token Leak,firmware,information_disclosure,15011,0,70,4301,10,15,10,0,261,6.5,0.0,,Info_Disclosure_Token_Leak_scene103997_p15011.pcap
103997445_171030492,Command Injection Newline,firmware,command_injection,15011,1,70,4145,10,16,9,1,117,415.3,0.0,CVE-2019-17621 (D-Link command injection),Command_Injection_Newline_scene103997_p15011.pcap
103997445_171030492,Command Injection Null Byte,firmware,command_injection,15011,0,14,838,2,3,2,0,30,3003.3,0.0,,Command_Injection_Null_Byte_scene103997_p15011.pcap
103997445_171030492,Fw Update Overflow,firmware,firmware_update_attack,15011,1,42,2835,6,9,6,0,411,10.0,0.0,CVE-2022-25845 (Firmware update vulnerability in smart devices),Fw_Update_Overflow_scene103997_p15011.pcap
103997445_171030492,Fw Update No Signature,firmware,firmware_update_attack,15011,1,28,1783,4,6,4,0,167,7.6,0.0,CVE-2020-10882 (TP-Link unsigned firmware update),Fw_Update_No_Signature_scene103997_p15011.pcap
103997445_171030492,Dos Rapid Commands,firmware,denial_of_service,15011,1,1233,72030,204,306,109,100,1734,577.9,0.0,,Dos_Rapid_Commands_scene103997_p15011.pcap
103997445_171030492,Dos Large Payload,firmware,denial_of_service,15011,0,94,92798,12,23,12,0,87390,2081.4,0.0,,Dos_Large_Payload_scene103997_p15011.pcap
103997445_171030492,State Manipulation Disarm,firmware,state_manipulation,15011,1,112,6632,16,24,16,0,168,213.1,0.0,CVE-2019-9483 (SimpliSafe alarm disarm vulnerability),State_Manipulation_Disarm_scene103997_p15011.pcap
103997445_171030492,State Manipulation Calibration,firmware,state_manipulation,15011,0,56,3378,8,12,8,0,146,4.0,0.0,,State_Manipulation_Calibration_scene103997_p15011.pcap
103997445_171030492,Replay Command,firmware,replay_attack,15011,1,56,3311,8,12,8,0,79,208.6,0.0,CVE-2018-11714 (Zigbee replay vulnerability),Replay_Command_scene103997_p15011.pcap
103997445_171030492,Fuzzing Random,firmware,protocol_fuzzing,15011,0,122,8412,18,25,18,0,1364,24035.7,0.0,,Fuzzing_Random_scene103997_p15011.pcap
103997445_171030492,Fuzzing Format Strings,firmware,protocol_fuzzing,15011,0,98,5991,14,21,14,0,335,7.6,0.0,CVE-2019-14889 (libssh format string vulnerability),Fuzzing_Format_Strings_scene103997_p15011.pcap
103997445_171030492,Schedule Oob Write,firmware,buffer_overflow,15011,0,112,6873,16,24,16,0,409,19.3,0.0,CVE-2021-33104 (IoT OOB write vulnerability),Schedule_Oob_Write_scene103997_p15011.pcap
103997445_171030492,Unauthorized Subscribe,network,mqtt_eavesdropping,15011,0,0,0,0,0,0,0,0,101.8,0.0,,Unauthorized_Subscribe_scene103997_p15011.pcap
103997445_171030492,Mqtt Message Injection,network,mqtt_message_injection,15011,0,0,0,0,0,0,0,0,102.8,0.0,,Mqtt_Message_Injection_scene103997_p15011.pcap
103997445_171030492,Mqtt Topic Hijack,network,mqtt_topic_hijack,15011,0,0,0,0,0,0,0,0,106.6,0.0,,Mqtt_Topic_Hijack_scene103997_p15011.pcap
103997445_171030492,Tcp Connection Hijack,network,tcp_connection_hijack,15011,1,20,1185,2,6,2,0,41,509.4,0.0,,Tcp_Connection_Hijack_scene103997_p15011.pcap
103997445_171030492,Tcp Mitm Proxy,network,tcp_man_in_the_middle,15011,1,17,1015,2,6,0,1,51,1113.4,0.0,,Tcp_Mitm_Proxy_scene103997_p15011.pcap
103997445_171030492,Tcp Flood,network,network_denial_of_service,15011,1,427,30277,104,57,52,3,5153,2514.0,0.0,,Tcp_Flood_scene103997_p15011.pcap
103997445_171030492,Zigbee Replay,network,protocol_replay,15011,1,6,334,0,2,2,1,10,0.3,0.0,,Zigbee_Replay_scene103997_p15011.pcap
103997445_171030492,Zigbee Key Extraction,network,protocol_downgrade,15011,1,0,0,0,0,0,0,0,0.5,0.0,,Zigbee_Key_Extraction_scene103997_p15011.pcap
103997445_171030492,Protocol Downgrade,network,protocol_downgrade,15011,0,12,701,2,3,1,1,17,2.0,0.0,,Protocol_Downgrade_scene103997_p15011.pcap
103997445_171030492,Arp Spoof,network,arp_spoofing,15011,1,14,799,0,4,4,3,51,0.3,0.0,,Arp_Spoof_scene103997_p15011.pcap
103997445_171030492,Dns Poison,network,dns_poisoning,15011,1,0,0,0,0,0,0,0,0.2,0.0,,Dns_Poison_scene103997_p15011.pcap
103997445_171030492,Deauth,network,deauthentication_attack,15011,1,0,0,0,0,0,0,0,0.2,0.0,,Deauth_scene103997_p15011.pcap
103997445_171030492,Evil Twin,network,evil_twin_ap,15011,1,0,0,0,0,0,0,0,0.4,0.0,,Evil_Twin_scene103997_p15011.pcap
103997445_171030492,Traffic Fingerprinting,network,traffic_analysis,15011,0,8,481,2,1,1,0,9,2303.5,0.0,,Traffic_Fingerprinting_scene103997_p15011.pcap
103997445_171030492,State-Update Delay Fu Type 1,phantom_delay,,15011,0,29,1276,0,0,0,29,0,0.1,9.3,,State-Update_Delay_Fu_Type_1_scene103997_p15011.pcap
103997445_171030492,Erroneous Execution Fu Type 2,phantom_delay,,15011,0,0,0,0,0,0,0,0,0.1,9.3,,Erroneous_Execution_Fu_Type_2_scene103997_p15011.pcap
103997445_171030492,Action Reorder Fu Type 4,phantom_delay,,15011,0,0,0,0,0,0,0,0,0.1,9.3,,Action_Reorder_Fu_Type_4_scene103997_p15011.pcap
103997562_171030642,Buffer Overflow Cmd,firmware,buffer_overflow,15012,0,58,4688,8,13,8,0,1344,32.4,0.0,CVE-2020-12695 (UPnP buffer overflow in IoT devices),Buffer_Overflow_Cmd_scene103997_p15012.pcap
103997562_171030642,Buffer Overflow Setid,firmware,buffer_overflow,15012,0,58,3720,8,13,8,0,376,6.0,0.0,CVE-2021-28372 (ThroughTek IoT device overflow),Buffer_Overflow_Setid_scene103997_p15012.pcap
103997562_171030642,Auth Bypass No Token,firmware,authentication_bypass,15012,1,84,5057,12,18,12,0,209,6.8,0.0,CVE-2019-19356 (Netis router auth bypass),Auth_Bypass_No_Token_scene103997_p15012.pcap
103997562_171030642,Auth Bypass Empty Token,firmware,authentication_bypass,15012,1,72,4367,10,16,10,0,215,8.8,0.0,CVE-2020-25078 (D-Link DCS camera hardcoded credentials),Auth_Bypass_Empty_Token_scene103997_p15012.pcap
103997562_171030642,Info Disclosure Debug Dump,firmware,information_disclosure,15012,1,28,1734,4,6,4,0,118,4.2,0.0,CVE-2021-36260 (Hikvision debug endpoint info disclosure),Info_Disclosure_Debug_Dump_scene103997_p15012.pcap
103997562_171030642,Info Disclosure Token Leak,firmware,information_disclosure,15012,0,72,4389,10,16,10,0,237,6.4,0.0,,Info_Disclosure_Token_Leak_scene103997_p15012.pcap
103997562_171030642,Command Injection Newline,firmware,command_injection,15012,1,70,4131,10,16,9,1,103,410.0,0.0,CVE-2019-17621 (D-Link command injection),Command_Injection_Newline_scene103997_p15012.pcap
103997562_171030642,Command Injection Null Byte,firmware,command_injection,15012,0,14,838,2,3,2,0,30,3004.0,0.0,,Command_Injection_Null_Byte_scene103997_p15012.pcap
103997562_171030642,Fw Update Overflow,firmware,firmware_update_attack,15012,0,42,2939,6,9,6,0,515,11.8,0.0,CVE-2022-25845 (Firmware update vulnerability in smart devices),Fw_Update_Overflow_scene103997_p15012.pcap
103997562_171030642,Fw Update No Signature,firmware,firmware_update_attack,15012,0,28,1814,4,6,4,0,198,6.5,0.0,CVE-2020-10882 (TP-Link unsigned firmware update),Fw_Update_No_Signature_scene103997_p15012.pcap
103997562_171030642,Dos Rapid Commands,firmware,denial_of_service,15012,1,1248,73002,204,306,113,89,1734,571.8,0.0,,Dos_Rapid_Commands_scene103997_p15012.pcap
103997562_171030642,Dos Large Payload,firmware,denial_of_service,15012,0,94,92798,12,23,12,0,87390,1967.3,0.0,,Dos_Large_Payload_scene103997_p15012.pcap
103997562_171030642,State Manipulation Disarm,firmware,state_manipulation,15012,1,112,6632,16,24,16,0,168,214.2,0.0,CVE-2019-9483 (SimpliSafe alarm disarm vulnerability),State_Manipulation_Disarm_scene103997_p15012.pcap
103997562_171030642,State Manipulation Calibration,firmware,state_manipulation,15012,0,56,3354,8,12,8,0,122,3.5,0.0,,State_Manipulation_Calibration_scene103997_p15012.pcap
103997562_171030642,Replay Command,firmware,replay_attack,15012,1,56,3311,8,12,8,0,79,210.5,0.0,CVE-2018-11714 (Zigbee replay vulnerability),Replay_Command_scene103997_p15012.pcap
103997562_171030642,Fuzzing Random,firmware,protocol_fuzzing,15012,1,122,8392,18,25,18,0,1344,24035.1,0.0,,Fuzzing_Random_scene103997_p15012.pcap
103997562_171030642,Fuzzing Format Strings,firmware,protocol_fuzzing,15012,0,98,5991,14,21,14,0,335,9.1,0.0,CVE-2019-14889 (libssh format string vulnerability),Fuzzing_Format_Strings_scene103997_p15012.pcap
103997562_171030642,Schedule Oob Write,firmware,buffer_overflow,15012,0,112,6873,16,24,16,0,409,10.7,0.0,CVE-2021-33104 (IoT OOB write vulnerability),Schedule_Oob_Write_scene103997_p15012.pcap
103997562_171030642,Unauthorized Subscribe,network,mqtt_eavesdropping,15012,0,0,0,0,0,0,0,0,106.2,0.0,,Unauthorized_Subscribe_scene103997_p15012.pcap
103997562_171030642,Mqtt Message Injection,network,mqtt_message_injection,15012,0,0,0,0,0,0,0,0,102.8,0.0,,Mqtt_Message_Injection_scene103997_p15012.pcap
103997562_171030642,Mqtt Topic Hijack,network,mqtt_topic_hijack,15012,0,0,0,0,0,0,0,0,102.1,0.0,,Mqtt_Topic_Hijack_scene103997_p15012.pcap
103997562_171030642,Tcp Connection Hijack,network,tcp_connection_hijack,15012,1,20,1185,2,6,2,0,41,506.1,0.0,,Tcp_Connection_Hijack_scene103997_p15012.pcap
103997562_171030642,Tcp Mitm Proxy,network,tcp_man_in_the_middle,15012,1,17,1015,2,6,0,1,51,1112.8,0.0,,Tcp_Mitm_Proxy_scene103997_p15012.pcap
103997562_171030642,Tcp Flood,network,network_denial_of_service,15012,1,428,30333,104,58,51,3,5153,2512.7,0.0,,Tcp_Flood_scene103997_p15012.pcap
103997562_171030642,Zigbee Replay,network,protocol_replay,15012,1,4,222,0,2,1,1,10,0.4,0.0,,Zigbee_Replay_scene103997_p15012.pcap
103997562_171030642,Zigbee Key Extraction,network,protocol_downgrade,15012,1,0,0,0,0,0,0,0,0.7,0.0,,Zigbee_Key_Extraction_scene103997_p15012.pcap
103997562_171030642,Protocol Downgrade,network,protocol_downgrade,15012,0,8,479,2,1,1,0,7,3002.3,0.0,,Protocol_Downgrade_scene103997_p15012.pcap
103997562_171030642,Arp Spoof,network,arp_spoofing,15012,1,0,0,0,0,0,0,0,0.1,0.0,,Arp_Spoof_scene103997_p15012.pcap
103997562_171030642,Dns Poison,network,dns_poisoning,15012,1,0,0,0,0,0,0,0,0.4,0.0,,Dns_Poison_scene103997_p15012.pcap
103997562_171030642,Deauth,network,deauthentication_attack,15012,1,0,0,0,0,0,0,0,0.3,0.0,,Deauth_scene103997_p15012.pcap
103997562_171030642,Evil Twin,network,evil_twin_ap,15012,1,0,0,0,0,0,0,0,0.4,0.0,,Evil_Twin_scene103997_p15012.pcap
103997562_171030642,Traffic Fingerprinting,network,traffic_analysis,15012,0,48,2241,2,1,1,40,9,2305.3,0.0,,Traffic_Fingerprinting_scene103997_p15012.pcap
103997562_171030642,State-Update Delay Fu Type 1,phantom_delay,,15012,0,8,440,0,4,1,3,28,0.2,9.3,,State-Update_Delay_Fu_Type_1_scene103997_p15012.pcap
103997562_171030642,Erroneous Execution Fu Type 2,phantom_delay,,15012,0,0,0,0,0,0,0,0,0.3,9.3,,Erroneous_Execution_Fu_Type_2_scene103997_p15012.pcap
103997562_171030642,Action Reorder Fu Type 4,phantom_delay,,15012,0,0,0,0,0,0,0,0,0.3,9.3,,Action_Reorder_Fu_Type_4_scene103997_p15012.pcap
103997799_171031002,Buffer Overflow Cmd,firmware,buffer_overflow,15011,0,56,4576,8,12,8,0,1344,29.8,0.0,CVE-2020-12695 (UPnP buffer overflow in IoT devices),Buffer_Overflow_Cmd_scene103997_p15011.pcap
103997799_171031002,Buffer Overflow Setid,firmware,buffer_overflow,15011,0,56,3610,8,12,8,0,378,5.5,0.0,CVE-2021-28372 (ThroughTek IoT device overflow),Buffer_Overflow_Setid_scene103997_p15011.pcap
103997799_171031002,Auth Bypass No Token,firmware,authentication_bypass,15011,1,84,5102,12,18,12,0,254,6.5,0.0,CVE-2019-19356 (Netis router auth bypass),Auth_Bypass_No_Token_scene103997_p15011.pcap
103997799_171031002,Auth Bypass Empty Token,firmware,authentication_bypass,15011,1,70,4255,10,15,10,0,215,8.8,0.0,CVE-2020-25078 (D-Link DCS camera hardcoded credentials),Auth_Bypass_Empty_Token_scene103997_p15011.pcap
103997799_171031002,Info Disclosure Debug Dump,firmware,information_disclosure,15011,1,28,1779,4,6,4,0,163,3.7,0.0,CVE-2021-36260 (Hikvision debug endpoint info disclosure),Info_Disclosure_Debug_Dump_scene103997_p15011.pcap
103997799_171031002,Info Disclosure Token Leak,firmware,information_disclosure,15011,0,70,4301,10,15,10,0,261,5.2,0.0,,Info_Disclosure_Token_Leak_scene103997_p15011.pcap
103997799_171031002,Command Injection Newline,firmware,command_injection,15011,1,70,4131,10,16,9,1,103,413.4,0.0,CVE-2019-17621 (D-Link command injection),Command_Injection_Newline_scene103997_p15011.pcap
103997799_171031002,Command Injection Null Byte,firmware,command_injection,15011,0,14,838,2,3,2,0,30,3004.6,0.0,,Command_Injection_Null_Byte_scene103997_p15011.pcap
103997799_171031002,Fw Update Overflow,firmware,firmware_update_attack,15011,1,42,2835,6,9,6,0,411,13.7,0.0,CVE-2022-25845 (Firmware update vulnerability in smart devices),Fw_Update_Overflow_scene103997_p15011.pcap
103997799_171031002,Fw Update No Signature,firmware,firmware_update_attack,15011,1,28,1783,4,6,4,0,167,4.0,0.0,CVE-2020-10882 (TP-Link unsigned firmware update),Fw_Update_No_Signature_scene103997_p15011.pcap
103997799_171031002,Dos Rapid Commands,firmware,denial_of_service,15011,1,1250,73186,204,306,109,83,1734,570.1,0.0,,Dos_Rapid_Commands_scene103997_p15011.pcap
103997799_171031002,Dos Large Payload,firmware,denial_of_service,15011,0,94,92798,12,23,12,0,87390,1938.2,0.0,,Dos_Large_Payload_scene103997_p15011.pcap
103997799_171031002,State Manipulation Disarm,firmware,state_manipulation,15011,1,112,6632,16,24,16,0,168,212.6,0.0,CVE-2019-9483 (SimpliSafe alarm disarm vulnerability),State_Manipulation_Disarm_scene103997_p15011.pcap
103997799_171031002,State Manipulation Calibration,firmware,state_manipulation,15011,0,56,3378,8,12,8,0,146,8.9,0.0,,State_Manipulation_Calibration_scene103997_p15011.pcap
103997799_171031002,Replay Command,firmware,replay_attack,15011,1,56,3311,8,12,8,0,79,210.6,0.0,CVE-2018-11714 (Zigbee replay vulnerability),Replay_Command_scene103997_p15011.pcap
103997799_171031002,Fuzzing Random,firmware,protocol_fuzzing,15011,0,134,9170,18,31,18,0,1450,24042.9,0.0,,Fuzzing_Random_scene103997_p15011.pcap
103997799_171031002,Fuzzing Format Strings,firmware,protocol_fuzzing,15011,0,98,5991,14,21,14,0,335,8.6,0.0,CVE-2019-14889 (libssh format string vulnerability),Fuzzing_Format_Strings_scene103997_p15011.pcap
103997799_171031002,Schedule Oob Write,firmware,buffer_overflow,15011,0,112,6873,16,24,16,0,409,8.8,0.0,CVE-2021-33104 (IoT OOB write vulnerability),Schedule_Oob_Write_scene103997_p15011.pcap
103997799_171031002,Unauthorized Subscribe,network,mqtt_eavesdropping,15011,0,0,0,0,0,0,0,0,111.0,0.0,,Unauthorized_Subscribe_scene103997_p15011.pcap
103997799_171031002,Mqtt Message Injection,network,mqtt_message_injection,15011,0,0,0,0,0,0,0,0,107.8,0.0,,Mqtt_Message_Injection_scene103997_p15011.pcap
103997799_171031002,Mqtt Topic Hijack,network,mqtt_topic_hijack,15011,0,0,0,0,0,0,0,0,107.3,0.0,,Mqtt_Topic_Hijack_scene103997_p15011.pcap
103997799_171031002,Tcp Connection Hijack,network,tcp_connection_hijack,15011,1,20,1185,2,6,2,0,41,507.4,0.0,,Tcp_Connection_Hijack_scene103997_p15011.pcap
103997799_171031002,Tcp Mitm Proxy,network,tcp_man_in_the_middle,15011,1,17,1015,2,6,0,1,51,1117.2,0.0,,Tcp_Mitm_Proxy_scene103997_p15011.pcap
103997799_171031002,Tcp Flood,network,network_denial_of_service,15011,1,427,30277,104,57,52,3,5153,2522.0,0.0,,Tcp_Flood_scene103997_p15011.pcap
103997799_171031002,Zigbee Replay,network,protocol_replay,15011,1,6,334,0,2,2,1,10,1.8,0.0,,Zigbee_Replay_scene103997_p15011.pcap
103997799_171031002,Zigbee Key Extraction,network,protocol_downgrade,15011,1,0,0,0,0,0,0,0,0.4,0.0,,Zigbee_Key_Extraction_scene103997_p15011.pcap
103997799_171031002,Protocol Downgrade,network,protocol_downgrade,15011,0,12,701,2,3,1,1,17,2.3,0.0,,Protocol_Downgrade_scene103997_p15011.pcap
103997799_171031002,Arp Spoof,network,arp_spoofing,15011,1,20,1087,0,3,7,3,3,0.3,0.0,,Arp_Spoof_scene103997_p15011.pcap
103997799_171031002,Dns Poison,network,dns_poisoning,15011,1,0,0,0,0,0,0,0,0.2,0.0,,Dns_Poison_scene103997_p15011.pcap
103997799_171031002,Deauth,network,deauthentication_attack,15011,1,0,0,0,0,0,0,0,0.4,0.0,,Deauth_scene103997_p15011.pcap
103997799_171031002,Evil Twin,network,evil_twin_ap,15011,1,0,0,0,0,0,0,0,0.3,0.0,,Evil_Twin_scene103997_p15011.pcap
103997799_171031002,Traffic Fingerprinting,network,traffic_analysis,15011,0,8,481,2,1,1,0,9,2313.6,0.0,,Traffic_Fingerprinting_scene103997_p15011.pcap
103997799_171031002,State-Update Delay Fu Type 1,phantom_delay,,15011,0,29,1276,0,0,0,29,0,0.2,9.3,,State-Update_Delay_Fu_Type_1_scene103997_p15011.pcap
103997799_171031002,Erroneous Execution Fu Type 2,phantom_delay,,15011,0,0,0,0,0,0,0,0,0.1,9.3,,Erroneous_Execution_Fu_Type_2_scene103997_p15011.pcap
103997799_171031002,Action Reorder Fu Type 4,phantom_delay,,15011,0,2,100,0,0,0,0,0,0.4,9.3,,Action_Reorder_Fu_Type_4_scene103997_p15011.pcap
103997994_171031320,Buffer Overflow Cmd,firmware,buffer_overflow,15012,0,56,4576,8,12,8,0,1344,29.3,0.0,CVE-2020-12695 (UPnP buffer overflow in IoT devices),Buffer_Overflow_Cmd_scene103997_p15012.pcap
103997994_171031320,Buffer Overflow Setid,firmware,buffer_overflow,15012,0,56,3608,8,12,8,0,376,6.3,0.0,CVE-2021-28372 (ThroughTek IoT device overflow),Buffer_Overflow_Setid_scene103997_p15012.pcap
103997994_171031320,Auth Bypass No Token,firmware,authentication_bypass,15012,1,84,5057,12,18,12,0,209,5.8,0.0,CVE-2019-19356 (Netis router auth bypass),Auth_Bypass_No_Token_scene103997_p15012.pcap
103997994_171031320,Auth Bypass Empty Token,firmware,authentication_bypass,15012,1,70,4255,10,15,10,0,215,12.2,0.0,CVE-2020-25078 (D-Link DCS camera hardcoded credentials),Auth_Bypass_Empty_Token_scene103997_p15012.pcap
103997994_171031320,Info Disclosure Debug Dump,firmware,information_disclosure,15012,1,28,1734,4,6,4,0,118,3.8,0.0,CVE-2021-36260 (Hikvision debug endpoint info disclosure),Info_Disclosure_Debug_Dump_scene103997_p15012.pcap
103997994_171031320,Info Disclosure Token Leak,firmware,information_disclosure,15012,0,72,4390,10,16,10,0,238,5.0,0.0,,Info_Disclosure_Token_Leak_scene103997_p15012.pcap
103997994_171031320,Command Injection Newline,firmware,command_injection,15012,1,70,4131,10,16,9,1,103,414.1,0.0,CVE-2019-17621 (D-Link command injection),Command_Injection_Newline_scene103997_p15012.pcap
103997994_171031320,Command Injection Null Byte,firmware,command_injection,15012,0,14,838,2,3,2,0,30,3003.6,0.0,,Command_Injection_Null_Byte_scene103997_p15012.pcap
103997994_171031320,Fw Update Overflow,firmware,firmware_update_attack,15012,0,42,2939,6,9,6,0,515,16.6,0.0,CVE-2022-25845 (Firmware update vulnerability in smart devices),Fw_Update_Overflow_scene103997_p15012.pcap
103997994_171031320,Fw Update No Signature,firmware,firmware_update_attack,15012,0,28,1814,4,6,4,0,198,5.9,0.0,CVE-2020-10882 (TP-Link unsigned firmware update),Fw_Update_No_Signature_scene103997_p15012.pcap
103997994_171031320,Dos Rapid Commands,firmware,denial_of_service,15012,1,1304,76474,204,306,141,61,1734,573.6,0.0,,Dos_Rapid_Commands_scene103997_p15012.pcap
103997994_171031320,Dos Large Payload,firmware,denial_of_service,15012,0,94,92798,12,23,12,0,87390,2356.8,0.0,,Dos_Large_Payload_scene103997_p15012.pcap
103997994_171031320,State Manipulation Disarm,firmware,state_manipulation,15012,1,112,6632,16,24,16,0,168,210.6,0.0,CVE-2019-9483 (SimpliSafe alarm disarm vulnerability),State_Manipulation_Disarm_scene103997_p15012.pcap
103997994_171031320,State Manipulation Calibration,firmware,state_manipulation,15012,0,56,3354,8,12,8,0,122,5.6,0.0,,State_Manipulation_Calibration_scene103997_p15012.pcap
103997994_171031320,Replay Command,firmware,replay_attack,15012,1,56,3311,8,12,8,0,79,209.2,0.0,CVE-2018-11714 (Zigbee replay vulnerability),Replay_Command_scene103997_p15012.pcap
103997994_171031320,Fuzzing Random,firmware,protocol_fuzzing,15012,0,130,8901,18,29,18,0,1405,24039.3,0.0,,Fuzzing_Random_scene103997_p15012.pcap
103997994_171031320,Fuzzing Format Strings,firmware,protocol_fuzzing,15012,0,98,5991,14,21,14,0,335,9.0,0.0,CVE-2019-14889 (libssh format string vulnerability),Fuzzing_Format_Strings_scene103997_p15012.pcap
103997994_171031320,Schedule Oob Write,firmware,buffer_overflow,15012,0,114,6985,16,25,16,0,409,11.0,0.0,CVE-2021-33104 (IoT OOB write vulnerability),Schedule_Oob_Write_scene103997_p15012.pcap
103997994_171031320,Unauthorized Subscribe,network,mqtt_eavesdropping,15012,0,0,0,0,0,0,0,0,103.3,0.0,,Unauthorized_Subscribe_scene103997_p15012.pcap
103997994_171031320,Mqtt Message Injection,network,mqtt_message_injection,15012,0,0,0,0,0,0,0,0,103.2,0.0,,Mqtt_Message_Injection_scene103997_p15012.pcap
103997994_171031320,Mqtt Topic Hijack,network,mqtt_topic_hijack,15012,0,0,0,0,0,0,0,0,103.7,0.0,,Mqtt_Topic_Hijack_scene103997_p15012.pcap
103997994_171031320,Tcp Connection Hijack,network,tcp_connection_hijack,15012,1,20,1185,2,6,2,0,41,513.6,0.0,,Tcp_Connection_Hijack_scene103997_p15012.pcap
103997994_171031320,Tcp Mitm Proxy,network,tcp_man_in_the_middle,15012,1,17,1015,2,6,0,1,51,1128.7,0.0,,Tcp_Mitm_Proxy_scene103997_p15012.pcap
103997994_171031320,Tcp Flood,network,network_denial_of_service,15012,1,427,30277,104,57,52,3,5153,2515.2,0.0,,Tcp_Flood_scene103997_p15012.pcap
103997994_171031320,Zigbee Replay,network,protocol_replay,15012,1,8,512,0,4,2,2,88,0.2,0.0,,Zigbee_Replay_scene103997_p15012.pcap
103997994_171031320,Zigbee Key Extraction,network,protocol_downgrade,15012,1,0,0,0,0,0,0,0,0.7,0.0,,Zigbee_Key_Extraction_scene103997_p15012.pcap
103997994_171031320,Protocol Downgrade,network,protocol_downgrade,15012,0,11,645,2,3,0,1,17,2.4,0.0,,Protocol_Downgrade_scene103997_p15012.pcap
103997994_171031320,Arp Spoof,network,arp_spoofing,15012,1,40,2207,0,3,17,3,3,0.3,0.0,,Arp_Spoof_scene103997_p15012.pcap
103997994_171031320,Dns Poison,network,dns_poisoning,15012,1,0,0,0,0,0,0,0,0.5,0.0,,Dns_Poison_scene103997_p15012.pcap
103997994_171031320,Deauth,network,deauthentication_attack,15012,1,0,0,0,0,0,0,0,0.3,0.0,,Deauth_scene103997_p15012.pcap
103997994_171031320,Evil Twin,network,evil_twin_ap,15012,1,0,0,0,0,0,0,0,0.3,0.0,,Evil_Twin_scene103997_p15012.pcap
103997994_171031320,Traffic Fingerprinting,network,traffic_analysis,15012,0,8,481,2,1,1,0,9,2306.6,0.0,,Traffic_Fingerprinting_scene103997_p15012.pcap
103997994_171031320,State-Update Delay Fu Type 1,phantom_delay,,15012,0,12,528,0,0,0,12,0,0.2,9.3,,State-Update_Delay_Fu_Type_1_scene103997_p15012.pcap
103997994_171031320,Erroneous Execution Fu Type 2,phantom_delay,,15012,0,0,0,0,0,0,0,0,0.1,9.3,,Erroneous_Execution_Fu_Type_2_scene103997_p15012.pcap
103997994_171031320,Action Reorder Fu Type 4,phantom_delay,,15012,0,4,200,0,0,0,0,0,0.1,9.3,,Action_Reorder_Fu_Type_4_scene103997_p15012.pcap
104348160_171513093,Buffer Overflow Cmd,firmware,buffer_overflow,15011,0,56,4576,8,12,8,0,1344,131.0,0.0,CVE-2020-12695 (UPnP buffer overflow in IoT devices),Buffer_Overflow_Cmd_scene104348_p15011.pcap
104348160_171513093,Buffer Overflow Setid,firmware,buffer_overflow,15011,0,58,3722,8,13,8,0,378,5.2,0.0,CVE-2021-28372 (ThroughTek IoT device overflow),Buffer_Overflow_Setid_scene104348_p15011.pcap
104348160_171513093,Auth Bypass No Token,firmware,authentication_bypass,15011,1,84,5102,12,18,12,0,254,7.2,0.0,CVE-2019-19356 (Netis router auth bypass),Auth_Bypass_No_Token_scene104348_p15011.pcap
104348160_171513093,Auth Bypass Empty Token,firmware,authentication_bypass,15011,1,70,4255,10,15,10,0,215,6.5,0.0,CVE-2020-25078 (D-Link DCS camera hardcoded credentials),Auth_Bypass_Empty_Token_scene104348_p15011.pcap
104348160_171513093,Info Disclosure Debug Dump,firmware,information_disclosure,15011,1,28,1779,4,6,4,0,163,4.1,0.0,CVE-2021-36260 (Hikvision debug endpoint info disclosure),Info_Disclosure_Debug_Dump_scene104348_p15011.pcap
104348160_171513093,Info Disclosure Token Leak,firmware,information_disclosure,15011,0,72,4413,10,16,10,0,261,6.3,0.0,,Info_Disclosure_Token_Leak_scene104348_p15011.pcap
104348160_171513093,Command Injection Newline,firmware,command_injection,15011,1,72,4243,10,17,9,1,103,421.6,0.0,CVE-2019-17621 (D-Link command injection),Command_Injection_Newline_scene104348_p15011.pcap
104348160_171513093,Command Injection Null Byte,firmware,command_injection,15011,0,14,838,2,3,2,0,30,3004.7,0.0,,Command_Injection_Null_Byte_scene104348_p15011.pcap
104348160_171513093,Fw Update Overflow,firmware,firmware_update_attack,15011,1,42,2835,6,9,6,0,411,10.5,0.0,CVE-2022-25845 (Firmware update vulnerability in smart devices),Fw_Update_Overflow_scene104348_p15011.pcap
104348160_171513093,Fw Update No Signature,firmware,firmware_update_attack,15011,1,28,1783,4,6,4,0,167,4.6,0.0,CVE-2020-10882 (TP-Link unsigned firmware update),Fw_Update_No_Signature_scene104348_p15011.pcap
104348160_171513093,Dos Rapid Commands,firmware,denial_of_service,15011,1,1246,72878,204,306,111,89,1722,571.1,0.0,,Dos_Rapid_Commands_scene104348_p15011.pcap
104348160_171513093,Dos Large Payload,firmware,denial_of_service,15011,0,94,92798,12,23,12,0,87390,1894.8,0.0,,Dos_Large_Payload_scene104348_p15011.pcap
104348160_171513093,State Manipulation Disarm,firmware,state_manipulation,15011,1,112,6632,16,24,16,0,168,219.2,0.0,CVE-2019-9483 (SimpliSafe alarm disarm vulnerability),State_Manipulation_Disarm_scene104348_p15011.pcap
104348160_171513093,State Manipulation Calibration,firmware,state_manipulation,15011,0,56,3378,8,12,8,0,146,5.9,0.0,,State_Manipulation_Calibration_scene104348_p15011.pcap
104348160_171513093,Replay Command,firmware,replay_attack,15011,1,56,3311,8,12,8,0,79,211.7,0.0,CVE-2018-11714 (Zigbee replay vulnerability),Replay_Command_scene104348_p15011.pcap
104348160_171513093,Fuzzing Random,firmware,protocol_fuzzing,15011,0,124,8556,18,26,18,0,1396,24040.4,0.0,,Fuzzing_Random_scene104348_p15011.pcap
104348160_171513093,Fuzzing Format Strings,firmware,protocol_fuzzing,15011,0,102,6215,14,23,14,0,335,8.9,0.0,CVE-2019-14889 (libssh format string vulnerability),Fuzzing_Format_Strings_scene104348_p15011.pcap
104348160_171513093,Schedule Oob Write,firmware,buffer_overflow,15011,0,112,6873,16,24,16,0,409,10.8,0.0,CVE-2021-33104 (IoT OOB write vulnerability),Schedule_Oob_Write_scene104348_p15011.pcap
104348160_171513093,Unauthorized Subscribe,network,mqtt_eavesdropping,15011,0,0,0,0,0,0,0,0,108.5,0.0,,Unauthorized_Subscribe_scene104348_p15011.pcap
104348160_171513093,Mqtt Message Injection,network,mqtt_message_injection,15011,0,0,0,0,0,0,0,0,105.1,0.0,,Mqtt_Message_Injection_scene104348_p15011.pcap
104348160_171513093,Mqtt Topic Hijack,network,mqtt_topic_hijack,15011,0,0,0,0,0,0,0,0,103.7,0.0,,Mqtt_Topic_Hijack_scene104348_p15011.pcap
104348160_171513093,Tcp Connection Hijack,network,tcp_connection_hijack,15011,1,20,1185,2,6,2,0,41,514.0,0.0,,Tcp_Connection_Hijack_scene104348_p15011.pcap
104348160_171513093,Tcp Mitm Proxy,network,tcp_man_in_the_middle,15011,1,17,1015,2,6,0,1,51,1123.8,0.0,,Tcp_Mitm_Proxy_scene104348_p15011.pcap
104348160_171513093,Tcp Flood,network,network_denial_of_service,15011,1,427,30277,104,57,52,3,5153,2513.3,0.0,,Tcp_Flood_scene104348_p15011.pcap
104348160_171513093,Zigbee Replay,network,protocol_replay,15011,1,8,512,0,3,2,2,88,0.3,0.0,,Zigbee_Replay_scene104348_p15011.pcap
104348160_171513093,Zigbee Key Extraction,network,protocol_downgrade,15011,1,0,0,0,0,0,0,0,0.5,0.0,,Zigbee_Key_Extraction_scene104348_p15011.pcap
104348160_171513093,Protocol Downgrade,network,protocol_downgrade,15011,0,11,645,2,3,0,1,17,2.2,0.0,,Protocol_Downgrade_scene104348_p15011.pcap
104348160_171513093,Arp Spoof,network,arp_spoofing,15011,1,60,3338,0,2,28,2,2,0.1,0.0,,Arp_Spoof_scene104348_p15011.pcap
104348160_171513093,Dns Poison,network,dns_poisoning,15011,1,0,0,0,0,0,0,0,0.3,0.0,,Dns_Poison_scene104348_p15011.pcap
104348160_171513093,Deauth,network,deauthentication_attack,15011,1,0,0,0,0,0,0,0,0.2,0.0,,Deauth_scene104348_p15011.pcap
104348160_171513093,Evil Twin,network,evil_twin_ap,15011,1,0,0,0,0,0,0,0,0.3,0.0,,Evil_Twin_scene104348_p15011.pcap
104348160_171513093,Traffic Fingerprinting,network,traffic_analysis,15011,0,8,481,2,1,1,0,9,2306.4,0.0,,Traffic_Fingerprinting_scene104348_p15011.pcap
104348160_171513093,State-Update Delay Fu Type 1,phantom_delay,,15011,0,3,132,0,0,0,3,0,0.2,9.3,,State-Update_Delay_Fu_Type_1_scene104348_p15011.pcap
104348160_171513093,Erroneous Execution Fu Type 2,phantom_delay,,15011,0,0,0,0,0,0,0,0,0.2,9.3,,Erroneous_Execution_Fu_Type_2_scene104348_p15011.pcap
104348160_171513093,Action Reorder Fu Type 4,phantom_delay,,15011,0,2,100,0,0,0,0,0,0.2,9.3,,Action_Reorder_Fu_Type_4_scene104348_p15011.pcap
104348361_171513414,Buffer Overflow Cmd,firmware,buffer_overflow,15012,0,56,4576,8,12,8,0,1344,32.7,0.0,CVE-2020-12695 (UPnP buffer overflow in IoT devices),Buffer_Overflow_Cmd_scene104348_p15012.pcap
104348361_171513414,Buffer Overflow Setid,firmware,buffer_overflow,15012,0,56,3608,8,12,8,0,376,7.3,0.0,CVE-2021-28372 (ThroughTek IoT device overflow),Buffer_Overflow_Setid_scene104348_p15012.pcap
104348361_171513414,Auth Bypass No Token,firmware,authentication_bypass,15012,1,84,5058,12,18,12,0,210,8.3,0.0,CVE-2019-19356 (Netis router auth bypass),Auth_Bypass_No_Token_scene104348_p15012.pcap
104348361_171513414,Auth Bypass Empty Token,firmware,authentication_bypass,15012,1,70,4255,10,15,10,0,215,21.7,0.0,CVE-2020-25078 (D-Link DCS camera hardcoded credentials),Auth_Bypass_Empty_Token_scene104348_p15012.pcap
104348361_171513414,Info Disclosure Debug Dump,firmware,information_disclosure,15012,1,28,1735,4,6,4,0,119,4.0,0.0,CVE-2021-36260 (Hikvision debug endpoint info disclosure),Info_Disclosure_Debug_Dump_scene104348_p15012.pcap
104348361_171513414,Info Disclosure Token Leak,firmware,information_disclosure,15012,0,70,4278,10,15,10,0,238,6.8,0.0,,Info_Disclosure_Token_Leak_scene104348_p15012.pcap
104348361_171513414,Command Injection Newline,firmware,command_injection,15012,1,70,4131,10,16,9,1,103,425.6,0.0,CVE-2019-17621 (D-Link command injection),Command_Injection_Newline_scene104348_p15012.pcap
104348361_171513414,Command Injection Null Byte,firmware,command_injection,15012,0,14,838,2,3,2,0,30,3003.4,0.0,,Command_Injection_Null_Byte_scene104348_p15012.pcap
104348361_171513414,Fw Update Overflow,firmware,firmware_update_attack,15012,0,42,2939,6,9,6,0,515,12.2,0.0,CVE-2022-25845 (Firmware update vulnerability in smart devices),Fw_Update_Overflow_scene104348_p15012.pcap
104348361_171513414,Fw Update No Signature,firmware,firmware_update_attack,15012,0,28,1814,4,6,4,0,198,5.3,0.0,CVE-2020-10882 (TP-Link unsigned firmware update),Fw_Update_No_Signature_scene104348_p15012.pcap
104348361_171513414,Dos Rapid Commands,firmware,denial_of_service,15012,1,1238,72477,204,307,97,86,1733,578.8,0.0,,Dos_Rapid_Commands_scene104348_p15012.pcap
104348361_171513414,Dos Large Payload,firmware,denial_of_service,15012,1,98,93014,12,26,12,1,87394,2168.4,0.0,,Dos_Large_Payload_scene104348_p15012.pcap
104348361_171513414,State Manipulation Disarm,firmware,state_manipulation,15012,1,114,6744,16,25,16,0,168,217.3,0.0,CVE-2019-9483 (SimpliSafe alarm disarm vulnerability),State_Manipulation_Disarm_scene104348_p15012.pcap
104348361_171513414,State Manipulation Calibration,firmware,state_manipulation,15012,0,56,3354,8,12,8,0,122,5.8,0.0,,State_Manipulation_Calibration_scene104348_p15012.pcap
104348361_171513414,Replay Command,firmware,replay_attack,15012,1,56,3311,8,12,8,0,79,211.7,0.0,CVE-2018-11714 (Zigbee replay vulnerability),Replay_Command_scene104348_p15012.pcap
104348361_171513414,Fuzzing Random,firmware,protocol_fuzzing,15012,1,132,9041,18,30,18,0,1433,24044.9,0.0,,Fuzzing_Random_scene104348_p15012.pcap
104348361_171513414,Fuzzing Format Strings,firmware,protocol_fuzzing,15012,0,102,6215,14,23,14,0,335,9.5,0.0,CVE-2019-14889 (libssh format string vulnerability),Fuzzing_Format_Strings_scene104348_p15012.pcap
104348361_171513414,Schedule Oob Write,firmware,buffer_overflow,15012,0,112,6873,16,24,16,0,409,12.3,0.0,CVE-2021-33104 (IoT OOB write vulnerability),Schedule_Oob_Write_scene104348_p15012.pcap
104348361_171513414,Unauthorized Subscribe,network,mqtt_eavesdropping,15012,0,0,0,0,0,0,0,0,102.3,0.0,,Unauthorized_Subscribe_scene104348_p15012.pcap
104348361_171513414,Mqtt Message Injection,network,mqtt_message_injection,15012,0,0,0,0,0,0,0,0,102.7,0.0,,Mqtt_Message_Injection_scene104348_p15012.pcap
104348361_171513414,Mqtt Topic Hijack,network,mqtt_topic_hijack,15012,0,0,0,0,0,0,0,0,111.4,0.0,,Mqtt_Topic_Hijack_scene104348_p15012.pcap
104348361_171513414,Tcp Connection Hijack,network,tcp_connection_hijack,15012,1,20,1185,2,6,2,0,41,521.0,0.0,,Tcp_Connection_Hijack_scene104348_p15012.pcap
104348361_171513414,Tcp Mitm Proxy,network,tcp_man_in_the_middle,15012,1,17,1015,2,6,0,1,51,1111.4,0.0,,Tcp_Mitm_Proxy_scene104348_p15012.pcap
104348361_171513414,Tcp Flood,network,network_denial_of_service,15012,1,429,30455,104,59,52,4,5231,2518.7,0.0,,Tcp_Flood_scene104348_p15012.pcap
104348361_171513414,Zigbee Replay,network,protocol_replay,15012,1,4,222,0,2,1,1,10,0.3,0.0,,Zigbee_Replay_scene104348_p15012.pcap
104348361_171513414,Zigbee Key Extraction,network,protocol_downgrade,15012,1,0,0,0,0,0,0,0,0.5,0.0,,Zigbee_Key_Extraction_scene104348_p15012.pcap
104348361_171513414,Protocol Downgrade,network,protocol_downgrade,15012,0,32,1823,2,1,13,0,7,3001.8,0.0,,Protocol_Downgrade_scene104348_p15012.pcap
104348361_171513414,Arp Spoof,network,arp_spoofing,15012,1,0,0,0,0,0,0,0,0.1,0.0,,Arp_Spoof_scene104348_p15012.pcap
104348361_171513414,Dns Poison,network,dns_poisoning,15012,1,0,0,0,0,0,0,0,0.7,0.0,,Dns_Poison_scene104348_p15012.pcap
104348361_171513414,Deauth,network,deauthentication_attack,15012,1,0,0,0,0,0,0,0,0.3,0.0,,Deauth_scene104348_p15012.pcap
104348361_171513414,Evil Twin,network,evil_twin_ap,15012,1,0,0,0,0,0,0,0,0.3,0.0,,Evil_Twin_scene104348_p15012.pcap
104348361_171513414,Traffic Fingerprinting,network,traffic_analysis,15012,0,14,745,2,1,1,6,9,2313.5,0.0,,Traffic_Fingerprinting_scene104348_p15012.pcap
104348361_171513414,State-Update Delay Fu Type 1,phantom_delay,,15012,0,7,370,0,2,2,2,2,0.3,9.3,,State-Update_Delay_Fu_Type_1_scene104348_p15012.pcap
104348361_171513414,Erroneous Execution Fu Type 2,phantom_delay,,15012,0,0,0,0,0,0,0,0,0.2,9.3,,Erroneous_Execution_Fu_Type_2_scene104348_p15012.pcap
104348361_171513414,Action Reorder Fu Type 4,phantom_delay,,15012,0,0,0,0,0,0,0,0,0.2,9.3,,Action_Reorder_Fu_Type_4_scene104348_p15012.pcap
104862417_172226382,Buffer Overflow Cmd,firmware,buffer_overflow,15011,0,56,4576,8,12,8,0,1344,30.5,0.0,CVE-2020-12695 (UPnP buffer overflow in IoT devices),Buffer_Overflow_Cmd_scene104862_p15011.pcap
104862417_172226382,Buffer Overflow Setid,firmware,buffer_overflow,15011,0,58,3722,8,13,8,0,378,7.3,0.0,CVE-2021-28372 (ThroughTek IoT device overflow),Buffer_Overflow_Setid_scene104862_p15011.pcap
104862417_172226382,Auth Bypass No Token,firmware,authentication_bypass,15011,1,84,5090,12,19,11,1,254,6.6,0.0,CVE-2019-19356 (Netis router auth bypass),Auth_Bypass_No_Token_scene104862_p15011.pcap
104862417_172226382,Auth Bypass Empty Token,firmware,authentication_bypass,15011,1,70,4255,10,15,10,0,215,9.1,0.0,CVE-2020-25078 (D-Link DCS camera hardcoded credentials),Auth_Bypass_Empty_Token_scene104862_p15011.pcap
104862417_172226382,Info Disclosure Debug Dump,firmware,information_disclosure,15011,1,28,1779,4,6,4,0,163,3.6,0.0,CVE-2021-36260 (Hikvision debug endpoint info disclosure),Info_Disclosure_Debug_Dump_scene104862_p15011.pcap
104862417_172226382,Info Disclosure Token Leak,firmware,information_disclosure,15011,0,74,4525,10,17,10,0,261,5.4,0.0,,Info_Disclosure_Token_Leak_scene104862_p15011.pcap
104862417_172226382,Command Injection Newline,firmware,command_injection,15011,1,70,4131,10,16,9,1,103,416.0,0.0,CVE-2019-17621 (D-Link command injection),Command_Injection_Newline_scene104862_p15011.pcap
104862417_172226382,Command Injection Null Byte,firmware,command_injection,15011,0,14,838,2,3,2,0,30,3005.3,0.0,,Command_Injection_Null_Byte_scene104862_p15011.pcap
104862417_172226382,Fw Update Overflow,firmware,firmware_update_attack,15011,1,42,2835,6,9,6,0,411,14.3,0.0,CVE-2022-25845 (Firmware update vulnerability in smart devices),Fw_Update_Overflow_scene104862_p15011.pcap
104862417_172226382,Fw Update No Signature,firmware,firmware_update_attack,15011,1,28,1783,4,6,4,0,167,5.3,0.0,CVE-2020-10882 (TP-Link unsigned firmware update),Fw_Update_No_Signature_scene104862_p15011.pcap
104862417_172226382,Dos Rapid Commands,firmware,denial_of_service,15011,1,1305,76587,204,306,137,56,1731,569.4,0.0,,Dos_Rapid_Commands_scene104862_p15011.pcap
104862417_172226382,Dos Large Payload,firmware,denial_of_service,15011,0,94,92798,12,23,12,0,87390,2369.8,0.0,,Dos_Large_Payload_scene104862_p15011.pcap
104862417_172226382,State Manipulation Disarm,firmware,state_manipulation,15011,1,112,6632,16,24,16,0,168,208.4,0.0,CVE-2019-9483 (SimpliSafe alarm disarm vulnerability),State_Manipulation_Disarm_scene104862_p15011.pcap
104862417_172226382,State Manipulation Calibration,firmware,state_manipulation,15011,0,56,3378,8,12,8,0,146,4.5,0.0,,State_Manipulation_Calibration_scene104862_p15011.pcap
104862417_172226382,Replay Command,firmware,replay_attack,15011,1,56,3311,8,12,8,0,79,213.7,0.0,CVE-2018-11714 (Zigbee replay vulnerability),Replay_Command_scene104862_p15011.pcap
104862417_172226382,Fuzzing Random,firmware,protocol_fuzzing,15011,1,128,8856,18,28,18,0,1472,24048.4,0.0,,Fuzzing_Random_scene104862_p15011.pcap
104862417_172226382,Fuzzing Format Strings,firmware,protocol_fuzzing,15011,0,100,6103,14,22,14,0,335,9.7,0.0,CVE-2019-14889 (libssh format string vulnerability),Fuzzing_Format_Strings_scene104862_p15011.pcap
104862417_172226382,Schedule Oob Write,firmware,buffer_overflow,15011,0,118,7209,16,27,16,0,409,11.3,0.0,CVE-2021-33104 (IoT OOB write vulnerability),Schedule_Oob_Write_scene104862_p15011.pcap
104862417_172226382,Unauthorized Subscribe,network,mqtt_eavesdropping,15011,0,0,0,0,0,0,0,0,109.0,0.0,,Unauthorized_Subscribe_scene104862_p15011.pcap
104862417_172226382,Mqtt Message Injection,network,mqtt_message_injection,15011,0,0,0,0,0,0,0,0,103.0,0.0,,Mqtt_Message_Injection_scene104862_p15011.pcap
104862417_172226382,Mqtt Topic Hijack,network,mqtt_topic_hijack,15011,0,0,0,0,0,0,0,0,103.7,0.0,,Mqtt_Topic_Hijack_scene104862_p15011.pcap
104862417_172226382,Tcp Connection Hijack,network,tcp_connection_hijack,15011,1,20,1185,2,6,2,0,41,504.0,0.0,,Tcp_Connection_Hijack_scene104862_p15011.pcap
104862417_172226382,Tcp Mitm Proxy,network,tcp_man_in_the_middle,15011,1,17,1015,2,6,0,1,51,1121.1,0.0,,Tcp_Mitm_Proxy_scene104862_p15011.pcap
104862417_172226382,Tcp Flood,network,network_denial_of_service,15011,1,429,30401,104,57,53,2,5153,2513.6,0.0,,Tcp_Flood_scene104862_p15011.pcap
104862417_172226382,Zigbee Replay,network,protocol_replay,15011,1,4,224,0,0,2,0,0,0.5,0.0,,Zigbee_Replay_scene104862_p15011.pcap
104862417_172226382,Zigbee Key Extraction,network,protocol_downgrade,15011,1,0,0,0,0,0,0,0,0.7,0.0,,Zigbee_Key_Extraction_scene104862_p15011.pcap
104862417_172226382,Protocol Downgrade,network,protocol_downgrade,15011,0,12,701,2,3,1,1,17,1.5,0.0,,Protocol_Downgrade_scene104862_p15011.pcap
104862417_172226382,Arp Spoof,network,arp_spoofing,15011,1,31,1770,0,3,13,2,58,0.2,0.0,,Arp_Spoof_scene104862_p15011.pcap
104862417_172226382,Dns Poison,network,dns_poisoning,15011,1,0,0,0,0,0,0,0,0.2,0.0,,Dns_Poison_scene104862_p15011.pcap
104862417_172226382,Deauth,network,deauthentication_attack,15011,1,0,0,0,0,0,0,0,0.3,0.0,,Deauth_scene104862_p15011.pcap
104862417_172226382,Evil Twin,network,evil_twin_ap,15011,1,0,0,0,0,0,0,0,0.4,0.0,,Evil_Twin_scene104862_p15011.pcap
104862417_172226382,Traffic Fingerprinting,network,traffic_analysis,15011,0,8,481,2,1,1,0,9,2304.1,0.0,,Traffic_Fingerprinting_scene104862_p15011.pcap
104862417_172226382,State-Update Delay Fu Type 1,phantom_delay,,15011,0,12,528,0,0,0,12,0,0.2,9.3,,State-Update_Delay_Fu_Type_1_scene104862_p15011.pcap
104862417_172226382,Erroneous Execution Fu Type 2,phantom_delay,,15011,0,0,0,0,0,0,0,0,0.2,9.3,,Erroneous_Execution_Fu_Type_2_scene104862_p15011.pcap
104862417_172226382,Action Reorder Fu Type 4,phantom_delay,,15011,0,2,100,0,0,0,0,0,0.0,9.3,,Action_Reorder_Fu_Type_4_scene104862_p15011.pcap
104862573_172226682,Buffer Overflow Cmd,firmware,buffer_overflow,15012,0,56,4576,8,12,8,0,1344,58.3,0.0,CVE-2020-12695 (UPnP buffer overflow in IoT devices),Buffer_Overflow_Cmd_scene104862_p15012.pcap
104862573_172226682,Buffer Overflow Setid,firmware,buffer_overflow,15012,0,56,3608,8,12,8,0,376,11.9,0.0,CVE-2021-28372 (ThroughTek IoT device overflow),Buffer_Overflow_Setid_scene104862_p15012.pcap
104862573_172226682,Auth Bypass No Token,firmware,authentication_bypass,15012,1,84,5058,12,18,12,0,210,6.5,0.0,CVE-2019-19356 (Netis router auth bypass),Auth_Bypass_No_Token_scene104862_p15012.pcap
104862573_172226682,Auth Bypass Empty Token,firmware,authentication_bypass,15012,1,70,4255,10,15,10,0,215,9.0,0.0,CVE-2020-25078 (D-Link DCS camera hardcoded credentials),Auth_Bypass_Empty_Token_scene104862_p15012.pcap
104862573_172226682,Info Disclosure Debug Dump,firmware,information_disclosure,15012,1,28,1735,4,6,4,0,119,4.3,0.0,CVE-2021-36260 (Hikvision debug endpoint info disclosure),Info_Disclosure_Debug_Dump_scene104862_p15012.pcap
104862573_172226682,Info Disclosure Token Leak,firmware,information_disclosure,15012,0,72,4390,10,16,10,0,238,5.4,0.0,,Info_Disclosure_Token_Leak_scene104862_p15012.pcap
104862573_172226682,Command Injection Newline,firmware,command_injection,15012,1,70,4131,10,16,9,1,103,416.5,0.0,CVE-2019-17621 (D-Link command injection),Command_Injection_Newline_scene104862_p15012.pcap
104862573_172226682,Command Injection Null Byte,firmware,command_injection,15012,0,14,838,2,3,2,0,30,3005.2,0.0,,Command_Injection_Null_Byte_scene104862_p15012.pcap
104862573_172226682,Fw Update Overflow,firmware,firmware_update_attack,15012,0,42,2939,6,9,6,0,515,12.4,0.0,CVE-2022-25845 (Firmware update vulnerability in smart devices),Fw_Update_Overflow_scene104862_p15012.pcap
104862573_172226682,Fw Update No Signature,firmware,firmware_update_attack,15012,0,28,1814,4,6,4,0,198,9.7,0.0,CVE-2020-10882 (TP-Link unsigned firmware update),Fw_Update_No_Signature_scene104862_p15012.pcap
104862573_172226682,Dos Rapid Commands,firmware,denial_of_service,15012,1,1260,73789,204,306,115,79,1729,575.2,0.0,,Dos_Rapid_Commands_scene104862_p15012.pcap
104862573_172226682,Dos Large Payload,firmware,denial_of_service,15012,0,96,92910,12,24,12,0,87390,2172.1,0.0,,Dos_Large_Payload_scene104862_p15012.pcap
104862573_172226682,State Manipulation Disarm,firmware,state_manipulation,15012,1,112,6632,16,24,16,0,168,217.0,0.0,CVE-2019-9483 (SimpliSafe alarm disarm vulnerability),State_Manipulation_Disarm_scene104862_p15012.pcap
104862573_172226682,State Manipulation Calibration,firmware,state_manipulation,15012,0,56,3354,8,12,8,0,122,6.5,0.0,,State_Manipulation_Calibration_scene104862_p15012.pcap
104862573_172226682,Replay Command,firmware,replay_attack,15012,1,56,3311,8,12,8,0,79,213.4,0.0,CVE-2018-11714 (Zigbee replay vulnerability),Replay_Command_scene104862_p15012.pcap
104862573_172226682,Fuzzing Random,firmware,protocol_fuzzing,15012,1,130,8939,18,29,18,0,1443,24045.7,0.0,,Fuzzing_Random_scene104862_p15012.pcap
104862573_172226682,Fuzzing Format Strings,firmware,protocol_fuzzing,15012,0,100,6103,14,22,14,0,335,9.1,0.0,CVE-2019-14889 (libssh format string vulnerability),Fuzzing_Format_Strings_scene104862_p15012.pcap
104862573_172226682,Schedule Oob Write,firmware,buffer_overflow,15012,0,112,6873,16,24,16,0,409,11.2,0.0,CVE-2021-33104 (IoT OOB write vulnerability),Schedule_Oob_Write_scene104862_p15012.pcap
104862573_172226682,Unauthorized Subscribe,network,mqtt_eavesdropping,15012,0,0,0,0,0,0,0,0,103.2,0.0,,Unauthorized_Subscribe_scene104862_p15012.pcap
104862573_172226682,Mqtt Message Injection,network,mqtt_message_injection,15012,0,0,0,0,0,0,0,0,111.0,0.0,,Mqtt_Message_Injection_scene104862_p15012.pcap
104862573_172226682,Mqtt Topic Hijack,network,mqtt_topic_hijack,15012,0,0,0,0,0,0,0,0,110.9,0.0,,Mqtt_Topic_Hijack_scene104862_p15012.pcap
104862573_172226682,Tcp Connection Hijack,network,tcp_connection_hijack,15012,1,20,1185,2,6,2,0,41,509.0,0.0,,Tcp_Connection_Hijack_scene104862_p15012.pcap
104862573_172226682,Tcp Mitm Proxy,network,tcp_man_in_the_middle,15012,1,17,1015,2,6,0,1,51,1124.5,0.0,,Tcp_Mitm_Proxy_scene104862_p15012.pcap
104862573_172226682,Tcp Flood,network,network_denial_of_service,15012,1,429,30378,104,59,51,4,5154,2515.6,0.0,,Tcp_Flood_scene104862_p15012.pcap
104862573_172226682,Zigbee Replay,network,protocol_replay,15012,1,4,222,0,2,1,1,10,0.1,0.0,,Zigbee_Replay_scene104862_p15012.pcap
104862573_172226682,Zigbee Key Extraction,network,protocol_downgrade,15012,1,0,0,0,0,0,0,0,0.5,0.0,,Zigbee_Key_Extraction_scene104862_p15012.pcap
104862573_172226682,Protocol Downgrade,network,protocol_downgrade,15012,0,8,479,2,1,1,0,7,3002.4,0.0,,Protocol_Downgrade_scene104862_p15012.pcap
104862573_172226682,Arp Spoof,network,arp_spoofing,15012,1,0,0,0,0,0,0,0,0.2,0.0,,Arp_Spoof_scene104862_p15012.pcap
104862573_172226682,Dns Poison,network,dns_poisoning,15012,1,0,0,0,0,0,0,0,0.3,0.0,,Dns_Poison_scene104862_p15012.pcap
104862573_172226682,Deauth,network,deauthentication_attack,15012,1,0,0,0,0,0,0,0,0.2,0.0,,Deauth_scene104862_p15012.pcap
104862573_172226682,Evil Twin,network,evil_twin_ap,15012,1,0,0,0,0,0,0,0,0.4,0.0,,Evil_Twin_scene104862_p15012.pcap
104862573_172226682,Traffic Fingerprinting,network,traffic_analysis,15012,0,41,1933,2,1,1,33,9,2313.0,0.0,,Traffic_Fingerprinting_scene104862_p15012.pcap
104862573_172226682,State-Update Delay Fu Type 1,phantom_delay,,15012,0,10,585,0,5,2,3,61,0.2,9.3,,State-Update_Delay_Fu_Type_1_scene104862_p15012.pcap
104862573_172226682,Erroneous Execution Fu Type 2,phantom_delay,,15012,0,0,0,0,0,0,0,0,0.2,9.3,,Erroneous_Execution_Fu_Type_2_scene104862_p15012.pcap
104862573_172226682,Action Reorder Fu Type 4,phantom_delay,,15012,0,0,0,0,0,0,0,0,0.3,9.3,,Action_Reorder_Fu_Type_4_scene104862_p15012.pcap
104862687_172226883,Buffer Overflow Cmd,firmware,buffer_overflow,15011,0,58,4688,8,13,8,0,1344,31.6,0.0,CVE-2020-12695 (UPnP buffer overflow in IoT devices),Buffer_Overflow_Cmd_scene104862_p15011.pcap
104862687_172226883,Buffer Overflow Setid,firmware,buffer_overflow,15011,0,56,3610,8,12,8,0,378,7.8,0.0,CVE-2021-28372 (ThroughTek IoT device overflow),Buffer_Overflow_Setid_scene104862_p15011.pcap
104862687_172226883,Auth Bypass No Token,firmware,authentication_bypass,15011,1,84,5102,12,18,12,0,254,6.6,0.0,CVE-2019-19356 (Netis router auth bypass),Auth_Bypass_No_Token_scene104862_p15011.pcap
104862687_172226883,Auth Bypass Empty Token,firmware,authentication_bypass,15011,1,70,4255,10,15,10,0,215,9.6,0.0,CVE-2020-25078 (D-Link DCS camera hardcoded credentials),Auth_Bypass_Empty_Token_scene104862_p15011.pcap
104862687_172226883,Info Disclosure Debug Dump,firmware,information_disclosure,15011,1,28,1779,4,6,4,0,163,4.3,0.0,CVE-2021-36260 (Hikvision debug endpoint info disclosure),Info_Disclosure_Debug_Dump_scene104862_p15011.pcap
104862687_172226883,Info Disclosure Token Leak,firmware,information_disclosure,15011,0,72,4413,10,16,10,0,261,5.6,0.0,,Info_Disclosure_Token_Leak_scene104862_p15011.pcap
104862687_172226883,Command Injection Newline,firmware,command_injection,15011,1,70,4145,10,16,9,1,117,414.0,0.0,CVE-2019-17621 (D-Link command injection),Command_Injection_Newline_scene104862_p15011.pcap
104862687_172226883,Command Injection Null Byte,firmware,command_injection,15011,0,14,838,2,3,2,0,30,3005.1,0.0,,Command_Injection_Null_Byte_scene104862_p15011.pcap
104862687_172226883,Fw Update Overflow,firmware,firmware_update_attack,15011,1,42,2835,6,9,6,0,411,60.1,0.0,CVE-2022-25845 (Firmware update vulnerability in smart devices),Fw_Update_Overflow_scene104862_p15011.pcap
104862687_172226883,Fw Update No Signature,firmware,firmware_update_attack,15011,1,28,1783,4,6,4,0,167,5.6,0.0,CVE-2020-10882 (TP-Link unsigned firmware update),Fw_Update_No_Signature_scene104862_p15011.pcap
104862687_172226883,Dos Rapid Commands,firmware,denial_of_service,15011,1,1242,72634,204,306,109,91,1726,577.8,0.0,,Dos_Rapid_Commands_scene104862_p15011.pcap
104862687_172226883,Dos Large Payload,firmware,denial_of_service,15011,0,96,92910,12,24,12,0,87390,2208.4,0.0,,Dos_Large_Payload_scene104862_p15011.pcap
104862687_172226883,State Manipulation Disarm,firmware,state_manipulation,15011,1,112,6632,16,24,16,0,168,212.6,0.0,CVE-2019-9483 (SimpliSafe alarm disarm vulnerability),State_Manipulation_Disarm_scene104862_p15011.pcap
104862687_172226883,State Manipulation Calibration,firmware,state_manipulation,15011,0,56,3378,8,12,8,0,146,6.6,0.0,,State_Manipulation_Calibration_scene104862_p15011.pcap
104862687_172226883,Replay Command,firmware,replay_attack,15011,1,56,3311,8,12,8,0,79,206.6,0.0,CVE-2018-11714 (Zigbee replay vulnerability),Replay_Command_scene104862_p15011.pcap
104862687_172226883,Fuzzing Random,firmware,protocol_fuzzing,15011,1,130,8959,18,29,18,0,1463,24043.7,0.0,,Fuzzing_Random_scene104862_p15011.pcap
104862687_172226883,Fuzzing Format Strings,firmware,protocol_fuzzing,15011,0,98,5991,14,21,14,0,335,9.2,0.0,CVE-2019-14889 (libssh format string vulnerability),Fuzzing_Format_Strings_scene104862_p15011.pcap
104862687_172226883,Schedule Oob Write,firmware,buffer_overflow,15011,0,112,6873,16,24,16,0,409,10.1,0.0,CVE-2021-33104 (IoT OOB write vulnerability),Schedule_Oob_Write_scene104862_p15011.pcap
104862687_172226883,Unauthorized Subscribe,network,mqtt_eavesdropping,15011,0,0,0,0,0,0,0,0,111.0,0.0,,Unauthorized_Subscribe_scene104862_p15011.pcap
104862687_172226883,Mqtt Message Injection,network,mqtt_message_injection,15011,0,0,0,0,0,0,0,0,109.1,0.0,,Mqtt_Message_Injection_scene104862_p15011.pcap
104862687_172226883,Mqtt Topic Hijack,network,mqtt_topic_hijack,15011,0,0,0,0,0,0,0,0,106.9,0.0,,Mqtt_Topic_Hijack_scene104862_p15011.pcap
104862687_172226883,Tcp Connection Hijack,network,tcp_connection_hijack,15011,1,20,1185,2,6,2,0,41,507.9,0.0,,Tcp_Connection_Hijack_scene104862_p15011.pcap
104862687_172226883,Tcp Mitm Proxy,network,tcp_man_in_the_middle,15011,1,17,1015,2,6,0,1,51,1122.9,0.0,,Tcp_Mitm_Proxy_scene104862_p15011.pcap
104862687_172226883,Tcp Flood,network,network_denial_of_service,15011,1,428,30375,104,59,51,4,5207,2515.4,0.0,,Tcp_Flood_scene104862_p15011.pcap
104862687_172226883,Zigbee Replay,network,protocol_replay,15011,1,4,213,0,1,1,1,1,0.2,0.0,,Zigbee_Replay_scene104862_p15011.pcap
104862687_172226883,Zigbee Key Extraction,network,protocol_downgrade,15011,1,0,0,0,0,0,0,0,0.6,0.0,,Zigbee_Key_Extraction_scene104862_p15011.pcap
104862687_172226883,Protocol Downgrade,network,protocol_downgrade,15011,1,14,825,2,3,2,0,17,2.6,0.0,,Protocol_Downgrade_scene104862_p15011.pcap
104862687_172226883,Arp Spoof,network,arp_spoofing,15011,1,27,1619,0,4,11,2,131,0.2,0.0,,Arp_Spoof_scene104862_p15011.pcap
104862687_172226883,Dns Poison,network,dns_poisoning,15011,1,0,0,0,0,0,0,0,0.4,0.0,,Dns_Poison_scene104862_p15011.pcap
104862687_172226883,Deauth,network,deauthentication_attack,15011,1,0,0,0,0,0,0,0,0.1,0.0,,Deauth_scene104862_p15011.pcap
104862687_172226883,Evil Twin,network,evil_twin_ap,15011,1,0,0,0,0,0,0,0,0.3,0.0,,Evil_Twin_scene104862_p15011.pcap
104862687_172226883,Traffic Fingerprinting,network,traffic_analysis,15011,0,8,481,2,1,1,0,9,2304.5,0.0,,Traffic_Fingerprinting_scene104862_p15011.pcap
104862687_172226883,State-Update Delay Fu Type 1,phantom_delay,,15011,0,17,748,0,0,0,17,0,0.2,9.3,,State-Update_Delay_Fu_Type_1_scene104862_p15011.pcap
104862687_172226883,Erroneous Execution Fu Type 2,phantom_delay,,15011,0,0,0,0,0,0,0,0,0.2,9.3,,Erroneous_Execution_Fu_Type_2_scene104862_p15011.pcap
104862687_172226883,Action Reorder Fu Type 4,phantom_delay,,15011,0,2,100,0,0,0,0,0,0.2,9.3,,Action_Reorder_Fu_Type_4_scene104862_p15011.pcap
105515235_173104215,Buffer Overflow Cmd,firmware,buffer_overflow,15012,0,56,4576,8,12,8,0,1344,38.6,0.0,CVE-2020-12695 (UPnP buffer overflow in IoT devices),Buffer_Overflow_Cmd_scene105515_p15012.pcap
105515235_173104215,Buffer Overflow Setid,firmware,buffer_overflow,15012,0,56,3608,8,12,8,0,376,6.3,0.0,CVE-2021-28372 (ThroughTek IoT device overflow),Buffer_Overflow_Setid_scene105515_p15012.pcap
105515235_173104215,Auth Bypass No Token,firmware,authentication_bypass,15012,1,84,5058,12,18,12,0,210,6.5,0.0,CVE-2019-19356 (Netis router auth bypass),Auth_Bypass_No_Token_scene105515_p15012.pcap
105515235_173104215,Auth Bypass Empty Token,firmware,authentication_bypass,15012,1,70,4255,10,15,10,0,215,10.5,0.0,CVE-2020-25078 (D-Link DCS camera hardcoded credentials),Auth_Bypass_Empty_Token_scene105515_p15012.pcap
105515235_173104215,Info Disclosure Debug Dump,firmware,information_disclosure,15012,1,28,1735,4,6,4,0,119,4.8,0.0,CVE-2021-36260 (Hikvision debug endpoint info disclosure),Info_Disclosure_Debug_Dump_scene105515_p15012.pcap
105515235_173104215,Info Disclosure Token Leak,firmware,information_disclosure,15012,0,72,4390,10,16,10,0,238,7.2,0.0,,Info_Disclosure_Token_Leak_scene105515_p15012.pcap
105515235_173104215,Command Injection Newline,firmware,command_injection,15012,1,70,4131,10,16,9,1,103,418.9,0.0,CVE-2019-17621 (D-Link command injection),Command_Injection_Newline_scene105515_p15012.pcap
105515235_173104215,Command Injection Null Byte,firmware,command_injection,15012,0,14,838,2,3,2,0,30,3004.3,0.0,,Command_Injection_Null_Byte_scene105515_p15012.pcap
105515235_173104215,Fw Update Overflow,firmware,firmware_update_attack,15012,0,42,2939,6,9,6,0,515,21.1,0.0,CVE-2022-25845 (Firmware update vulnerability in smart devices),Fw_Update_Overflow_scene105515_p15012.pcap
105515235_173104215,Fw Update No Signature,firmware,firmware_update_attack,15012,0,28,1814,4,6,4,0,198,3.9,0.0,CVE-2020-10882 (TP-Link unsigned firmware update),Fw_Update_No_Signature_scene105515_p15012.pcap
105515235_173104215,Dos Rapid Commands,firmware,denial_of_service,15012,1,1242,72613,204,307,110,93,1729,594.8,0.0,,Dos_Rapid_Commands_scene105515_p15012.pcap
105515235_173104215,Dos Large Payload,firmware,denial_of_service,15012,0,94,92798,12,23,12,0,87390,2474.3,0.0,,Dos_Large_Payload_scene105515_p15012.pcap
105515235_173104215,State Manipulation Disarm,firmware,state_manipulation,15012,1,112,6632,16,24,16,0,168,217.9,0.0,CVE-2019-9483 (SimpliSafe alarm disarm vulnerability),State_Manipulation_Disarm_scene105515_p15012.pcap
105515235_173104215,State Manipulation Calibration,firmware,state_manipulation,15012,0,56,3354,8,12,8,0,122,5.1,0.0,,State_Manipulation_Calibration_scene105515_p15012.pcap
105515235_173104215,Replay Command,firmware,replay_attack,15012,1,56,3311,8,12,8,0,79,243.6,0.0,CVE-2018-11714 (Zigbee replay vulnerability),Replay_Command_scene105515_p15012.pcap
105515235_173104215,Fuzzing Random,firmware,protocol_fuzzing,15012,1,128,8712,18,29,18,1,1340,24045.2,0.0,,Fuzzing_Random_scene105515_p15012.pcap
105515235_173104215,Fuzzing Format Strings,firmware,protocol_fuzzing,15012,0,98,5991,14,21,14,0,335,10.9,0.0,CVE-2019-14889 (libssh format string vulnerability),Fuzzing_Format_Strings_scene105515_p15012.pcap
105515235_173104215,Schedule Oob Write,firmware,buffer_overflow,15012,0,112,6873,16,24,16,0,409,12.0,0.0,CVE-2021-33104 (IoT OOB write vulnerability),Schedule_Oob_Write_scene105515_p15012.pcap
105515235_173104215,Unauthorized Subscribe,network,mqtt_eavesdropping,15012,0,0,0,0,0,0,0,0,104.9,0.0,,Unauthorized_Subscribe_scene105515_p15012.pcap
105515235_173104215,Mqtt Message Injection,network,mqtt_message_injection,15012,0,0,0,0,0,0,0,0,108.1,0.0,,Mqtt_Message_Injection_scene105515_p15012.pcap
105515235_173104215,Mqtt Topic Hijack,network,mqtt_topic_hijack,15012,0,0,0,0,0,0,0,0,105.9,0.0,,Mqtt_Topic_Hijack_scene105515_p15012.pcap
105515235_173104215,Tcp Connection Hijack,network,tcp_connection_hijack,15012,1,20,1185,2,6,2,0,41,516.6,0.0,,Tcp_Connection_Hijack_scene105515_p15012.pcap
105515235_173104215,Tcp Mitm Proxy,network,tcp_man_in_the_middle,15012,1,17,1015,2,6,0,1,51,1124.7,0.0,,Tcp_Mitm_Proxy_scene105515_p15012.pcap
105515235_173104215,Tcp Flood,network,network_denial_of_service,15012,1,429,30401,104,57,53,2,5153,2521.6,0.0,,Tcp_Flood_scene105515_p15012.pcap
105515235_173104215,Zigbee Replay,network,protocol_replay,15012,1,6,334,0,2,2,1,10,0.4,0.0,,Zigbee_Replay_scene105515_p15012.pcap
105515235_173104215,Zigbee Key Extraction,network,protocol_downgrade,15012,1,0,0,0,0,0,0,0,0.5,0.0,,Zigbee_Key_Extraction_scene105515_p15012.pcap
105515235_173104215,Protocol Downgrade,network,protocol_downgrade,15012,0,12,701,2,3,1,1,17,1.5,0.0,,Protocol_Downgrade_scene105515_p15012.pcap
105515235_173104215,Arp Spoof,network,arp_spoofing,15012,1,32,1803,0,4,13,3,47,0.1,0.0,,Arp_Spoof_scene105515_p15012.pcap
105515235_173104215,Dns Poison,network,dns_poisoning,15012,1,0,0,0,0,0,0,0,0.4,0.0,,Dns_Poison_scene105515_p15012.pcap
105515235_173104215,Deauth,network,deauthentication_attack,15012,1,0,0,0,0,0,0,0,0.3,0.0,,Deauth_scene105515_p15012.pcap
105515235_173104215,Evil Twin,network,evil_twin_ap,15012,1,0,0,0,0,0,0,0,0.3,0.0,,Evil_Twin_scene105515_p15012.pcap
105515235_173104215,Traffic Fingerprinting,network,traffic_analysis,15012,0,8,481,2,1,1,0,9,2308.4,0.0,,Traffic_Fingerprinting_scene105515_p15012.pcap
105515235_173104215,State-Update Delay Fu Type 1,phantom_delay,,15012,0,17,748,0,0,0,17,0,0.2,9.3,,State-Update_Delay_Fu_Type_1_scene105515_p15012.pcap
105515235_173104215,Erroneous Execution Fu Type 2,phantom_delay,,15012,0,0,0,0,0,0,0,0,0.3,9.3,,Erroneous_Execution_Fu_Type_2_scene105515_p15012.pcap
105515235_173104215,Action Reorder Fu Type 4,phantom_delay,,15012,0,4,200,0,0,0,0,0,0.1,9.3,,Action_Reorder_Fu_Type_4_scene105515_p15012.pcap
105515403_173104449,Buffer Overflow Cmd,firmware,buffer_overflow,15011,0,56,4576,8,12,8,0,1344,30.5,0.0,CVE-2020-12695 (UPnP buffer overflow in IoT devices),Buffer_Overflow_Cmd_scene105515_p15011.pcap
105515403_173104449,Buffer Overflow Setid,firmware,buffer_overflow,15011,0,56,3610,8,12,8,0,378,9.0,0.0,CVE-2021-28372 (ThroughTek IoT device overflow),Buffer_Overflow_Setid_scene105515_p15011.pcap
105515403_173104449,Auth Bypass No Token,firmware,authentication_bypass,15011,1,84,5102,12,18,12,0,254,5.8,0.0,CVE-2019-19356 (Netis router auth bypass),Auth_Bypass_No_Token_scene105515_p15011.pcap
105515403_173104449,Auth Bypass Empty Token,firmware,authentication_bypass,15011,1,70,4255,10,15,10,0,215,11.3,0.0,CVE-2020-25078 (D-Link DCS camera hardcoded credentials),Auth_Bypass_Empty_Token_scene105515_p15011.pcap
105515403_173104449,Info Disclosure Debug Dump,firmware,information_disclosure,15011,1,28,1779,4,6,4,0,163,4.0,0.0,CVE-2021-36260 (Hikvision debug endpoint info disclosure),Info_Disclosure_Debug_Dump_scene105515_p15011.pcap
105515403_173104449,Info Disclosure Token Leak,firmware,information_disclosure,15011,0,72,4413,10,16,10,0,261,7.2,0.0,,Info_Disclosure_Token_Leak_scene105515_p15011.pcap
105515403_173104449,Command Injection Newline,firmware,command_injection,15011,1,70,4131,10,16,9,1,103,426.0,0.0,CVE-2019-17621 (D-Link command injection),Command_Injection_Newline_scene105515_p15011.pcap
105515403_173104449,Command Injection Null Byte,firmware,command_injection,15011,0,14,838,2,3,2,0,30,3003.2,0.0,,Command_Injection_Null_Byte_scene105515_p15011.pcap
105515403_173104449,Fw Update Overflow,firmware,firmware_update_attack,15011,1,42,2835,6,9,6,0,411,16.7,0.0,CVE-2022-25845 (Firmware update vulnerability in smart devices),Fw_Update_Overflow_scene105515_p15011.pcap
105515403_173104449,Fw Update No Signature,firmware,firmware_update_attack,15011,1,28,1783,4,6,4,0,167,5.2,0.0,CVE-2020-10882 (TP-Link unsigned firmware update),Fw_Update_No_Signature_scene105515_p15011.pcap
105515403_173104449,Dos Rapid Commands,firmware,denial_of_service,15011,1,1247,72919,204,306,113,90,1719,591.0,0.0,,Dos_Rapid_Commands_scene105515_p15011.pcap
105515403_173104449,Dos Large Payload,firmware,denial_of_service,15011,0,94,92798,12,23,12,0,87390,2258.9,0.0,,Dos_Large_Payload_scene105515_p15011.pcap
105515403_173104449,State Manipulation Disarm,firmware,state_manipulation,15011,1,114,6744,16,25,16,0,168,211.6,0.0,CVE-2019-9483 (SimpliSafe alarm disarm vulnerability),State_Manipulation_Disarm_scene105515_p15011.pcap
105515403_173104449,State Manipulation Calibration,firmware,state_manipulation,15011,0,56,3378,8,12,8,0,146,4.2,0.0,,State_Manipulation_Calibration_scene105515_p15011.pcap
105515403_173104449,Replay Command,firmware,replay_attack,15011,1,56,3311,8,12,8,0,79,214.0,0.0,CVE-2018-11714 (Zigbee replay vulnerability),Replay_Command_scene105515_p15011.pcap
105515403_173104449,Fuzzing Random,firmware,protocol_fuzzing,15011,1,138,9439,18,33,18,0,1495,24042.8,0.0,,Fuzzing_Random_scene105515_p15011.pcap
105515403_173104449,Fuzzing Format Strings,firmware,protocol_fuzzing,15011,0,98,5991,14,21,14,0,335,10.4,0.0,CVE-2019-14889 (libssh format string vulnerability),Fuzzing_Format_Strings_scene105515_p15011.pcap
105515403_173104449,Schedule Oob Write,firmware,buffer_overflow,15011,0,112,6873,16,24,16,0,409,10.9,0.0,CVE-2021-33104 (IoT OOB write vulnerability),Schedule_Oob_Write_scene105515_p15011.pcap
105515403_173104449,Unauthorized Subscribe,network,mqtt_eavesdropping,15011,0,0,0,0,0,0,0,0,108.1,0.0,,Unauthorized_Subscribe_scene105515_p15011.pcap
105515403_173104449,Mqtt Message Injection,network,mqtt_message_injection,15011,0,0,0,0,0,0,0,0,107.3,0.0,,Mqtt_Message_Injection_scene105515_p15011.pcap
105515403_173104449,Mqtt Topic Hijack,network,mqtt_topic_hijack,15011,0,0,0,0,0,0,0,0,104.8,0.0,,Mqtt_Topic_Hijack_scene105515_p15011.pcap
105515403_173104449,Tcp Connection Hijack,network,tcp_connection_hijack,15011,1,20,1185,2,6,2,0,41,507.9,0.0,,Tcp_Connection_Hijack_scene105515_p15011.pcap
105515403_173104449,Tcp Mitm Proxy,network,tcp_man_in_the_middle,15011,1,17,1015,2,6,0,1,51,1120.5,0.0,,Tcp_Mitm_Proxy_scene105515_p15011.pcap
105515403_173104449,Tcp Flood,network,network_denial_of_service,15011,1,427,30266,104,58,51,4,5154,2514.1,0.0,,Tcp_Flood_scene105515_p15011.pcap
105515403_173104449,Zigbee Replay,network,protocol_replay,15011,1,8,425,0,4,1,3,13,0.2,0.0,,Zigbee_Replay_scene105515_p15011.pcap
105515403_173104449,Zigbee Key Extraction,network,protocol_downgrade,15011,1,0,0,0,0,0,0,0,0.2,0.0,,Zigbee_Key_Extraction_scene105515_p15011.pcap
105515403_173104449,Protocol Downgrade,network,protocol_downgrade,15011,0,11,645,2,3,0,1,17,1.7,0.0,,Protocol_Downgrade_scene105515_p15011.pcap
105515403_173104449,Arp Spoof,network,arp_spoofing,15011,1,12,747,0,4,3,2,99,0.4,0.0,,Arp_Spoof_scene105515_p15011.pcap
105515403_173104449,Dns Poison,network,dns_poisoning,15011,1,0,0,0,0,0,0,0,0.2,0.0,,Dns_Poison_scene105515_p15011.pcap
105515403_173104449,Deauth,network,deauthentication_attack,15011,1,0,0,0,0,0,0,0,0.3,0.0,,Deauth_scene105515_p15011.pcap
105515403_173104449,Evil Twin,network,evil_twin_ap,15011,1,0,0,0,0,0,0,0,0.4,0.0,,Evil_Twin_scene105515_p15011.pcap
105515403_173104449,Traffic Fingerprinting,network,traffic_analysis,15011,0,8,481,2,1,1,0,9,2309.9,0.0,,Traffic_Fingerprinting_scene105515_p15011.pcap
105515403_173104449,State-Update Delay Fu Type 1,phantom_delay,,15011,0,17,748,0,0,0,17,0,0.1,9.3,,State-Update_Delay_Fu_Type_1_scene105515_p15011.pcap
105515403_173104449,Erroneous Execution Fu Type 2,phantom_delay,,15011,0,0,0,0,0,0,0,0,0.1,9.3,,Erroneous_Execution_Fu_Type_2_scene105515_p15011.pcap
105515403_173104449,Action Reorder Fu Type 4,phantom_delay,,15011,0,2,100,0,0,0,0,0,0.2,9.3,,Action_Reorder_Fu_Type_4_scene105515_p15011.pcap
105515541_173104641,Buffer Overflow Cmd,firmware,buffer_overflow,15012,0,56,4576,8,12,8,0,1344,37.7,0.0,CVE-2020-12695 (UPnP buffer overflow in IoT devices),Buffer_Overflow_Cmd_scene105515_p15012.pcap
105515541_173104641,Buffer Overflow Setid,firmware,buffer_overflow,15012,0,58,3720,8,13,8,0,376,6.7,0.0,CVE-2021-28372 (ThroughTek IoT device overflow),Buffer_Overflow_Setid_scene105515_p15012.pcap
105515541_173104641,Auth Bypass No Token,firmware,authentication_bypass,15012,1,86,5169,12,19,12,0,209,7.8,0.0,CVE-2019-19356 (Netis router auth bypass),Auth_Bypass_No_Token_scene105515_p15012.pcap
105515541_173104641,Auth Bypass Empty Token,firmware,authentication_bypass,15012,1,70,4255,10,15,10,0,215,8.5,0.0,CVE-2020-25078 (D-Link DCS camera hardcoded credentials),Auth_Bypass_Empty_Token_scene105515_p15012.pcap
105515541_173104641,Info Disclosure Debug Dump,firmware,information_disclosure,15012,1,28,1734,4,6,4,0,118,4.3,0.0,CVE-2021-36260 (Hikvision debug endpoint info disclosure),Info_Disclosure_Debug_Dump_scene105515_p15012.pcap
105515541_173104641,Info Disclosure Token Leak,firmware,information_disclosure,15012,0,72,4390,10,16,10,0,238,7.4,0.0,,Info_Disclosure_Token_Leak_scene105515_p15012.pcap
105515541_173104641,Command Injection Newline,firmware,command_injection,15012,1,70,4131,10,16,9,1,103,425.0,0.0,CVE-2019-17621 (D-Link command injection),Command_Injection_Newline_scene105515_p15012.pcap
105515541_173104641,Command Injection Null Byte,firmware,command_injection,15012,0,14,838,2,3,2,0,30,3005.0,0.0,,Command_Injection_Null_Byte_scene105515_p15012.pcap
105515541_173104641,Fw Update Overflow,firmware,firmware_update_attack,15012,0,42,2939,6,9,6,0,515,73.6,0.0,CVE-2022-25845 (Firmware update vulnerability in smart devices),Fw_Update_Overflow_scene105515_p15012.pcap
105515541_173104641,Fw Update No Signature,firmware,firmware_update_attack,15012,0,28,1814,4,6,4,0,198,5.2,0.0,CVE-2020-10882 (TP-Link unsigned firmware update),Fw_Update_No_Signature_scene105515_p15012.pcap
105515541_173104641,Dos Rapid Commands,firmware,denial_of_service,15012,1,1232,72010,204,306,105,97,1734,583.9,0.0,,Dos_Rapid_Commands_scene105515_p15012.pcap
105515541_173104641,Dos Large Payload,firmware,denial_of_service,15012,0,98,93022,12,25,12,0,87390,2283.7,0.0,,Dos_Large_Payload_scene105515_p15012.pcap
105515541_173104641,State Manipulation Disarm,firmware,state_manipulation,15012,1,114,6744,16,25,16,0,168,212.4,0.0,CVE-2019-9483 (SimpliSafe alarm disarm vulnerability),State_Manipulation_Disarm_scene105515_p15012.pcap
105515541_173104641,State Manipulation Calibration,firmware,state_manipulation,15012,0,56,3354,8,12,8,0,122,5.5,0.0,,State_Manipulation_Calibration_scene105515_p15012.pcap
105515541_173104641,Replay Command,firmware,replay_attack,15012,1,56,3311,8,12,8,0,79,212.1,0.0,CVE-2018-11714 (Zigbee replay vulnerability),Replay_Command_scene105515_p15012.pcap
105515541_173104641,Fuzzing Random,firmware,protocol_fuzzing,15012,1,120,8322,18,25,17,1,1398,24053.1,0.0,,Fuzzing_Random_scene105515_p15012.pcap
105515541_173104641,Fuzzing Format Strings,firmware,protocol_fuzzing,15012,0,102,6215,14,23,14,0,335,10.0,0.0,CVE-2019-14889 (libssh format string vulnerability),Fuzzing_Format_Strings_scene105515_p15012.pcap
105515541_173104641,Schedule Oob Write,firmware,buffer_overflow,15012,0,112,6873,16,24,16,0,409,10.2,0.0,CVE-2021-33104 (IoT OOB write vulnerability),Schedule_Oob_Write_scene105515_p15012.pcap
105515541_173104641,Unauthorized Subscribe,network,mqtt_eavesdropping,15012,0,0,0,0,0,0,0,0,102.4,0.0,,Unauthorized_Subscribe_scene105515_p15012.pcap
105515541_173104641,Mqtt Message Injection,network,mqtt_message_injection,15012,0,0,0,0,0,0,0,0,108.0,0.0,,Mqtt_Message_Injection_scene105515_p15012.pcap
105515541_173104641,Mqtt Topic Hijack,network,mqtt_topic_hijack,15012,0,0,0,0,0,0,0,0,110.3,0.0,,Mqtt_Topic_Hijack_scene105515_p15012.pcap
105515541_173104641,Tcp Connection Hijack,network,tcp_connection_hijack,15012,1,20,1185,2,6,2,0,41,515.0,0.0,,Tcp_Connection_Hijack_scene105515_p15012.pcap
105515541_173104641,Tcp Mitm Proxy,network,tcp_man_in_the_middle,15012,1,17,1015,2,6,0,1,51,1120.0,0.0,,Tcp_Mitm_Proxy_scene105515_p15012.pcap
105515541_173104641,Tcp Flood,network,network_denial_of_service,15012,1,427,30277,104,57,52,3,5153,2516.3,0.0,,Tcp_Flood_scene105515_p15012.pcap
105515541_173104641,Zigbee Replay,network,protocol_replay,15012,1,4,222,0,2,1,1,10,0.4,0.0,,Zigbee_Replay_scene105515_p15012.pcap
105515541_173104641,Zigbee Key Extraction,network,protocol_downgrade,15012,1,0,0,0,0,0,0,0,0.4,0.0,,Zigbee_Key_Extraction_scene105515_p15012.pcap
105515541_173104641,Protocol Downgrade,network,protocol_downgrade,15012,0,26,1487,2,1,10,0,7,3002.7,0.0,,Protocol_Downgrade_scene105515_p15012.pcap
105515541_173104641,Arp Spoof,network,arp_spoofing,15012,1,0,0,0,0,0,0,0,0.1,0.0,,Arp_Spoof_scene105515_p15012.pcap
105515541_173104641,Dns Poison,network,dns_poisoning,15012,1,0,0,0,0,0,0,0,0.3,0.0,,Dns_Poison_scene105515_p15012.pcap
105515541_173104641,Deauth,network,deauthentication_attack,15012,1,0,0,0,0,0,0,0,0.3,0.0,,Deauth_scene105515_p15012.pcap
105515541_173104641,Evil Twin,network,evil_twin_ap,15012,1,0,0,0,0,0,0,0,0.2,0.0,,Evil_Twin_scene105515_p15012.pcap
105515541_173104641,Traffic Fingerprinting,network,traffic_analysis,15012,0,35,1669,2,1,1,27,9,2303.4,0.0,,Traffic_Fingerprinting_scene105515_p15012.pcap
105515541_173104641,State-Update Delay Fu Type 1,phantom_delay,,15012,0,9,536,0,4,2,3,68,0.3,9.3,,State-Update_Delay_Fu_Type_1_scene105515_p15012.pcap
105515541_173104641,Erroneous Execution Fu Type 2,phantom_delay,,15012,0,0,0,0,0,0,0,0,0.2,9.3,,Erroneous_Execution_Fu_Type_2_scene105515_p15012.pcap
105515541_173104641,Action Reorder Fu Type 4,phantom_delay,,15012,0,0,0,0,0,0,0,0,0.1,9.3,,Action_Reorder_Fu_Type_4_scene105515_p15012.pcap
106366248_174226527,Buffer Overflow Cmd,firmware,buffer_overflow,15011,0,56,4576,8,12,8,0,1344,32.6,0.0,CVE-2020-12695 (UPnP buffer overflow in IoT devices),Buffer_Overflow_Cmd_scene106366_p15011.pcap
106366248_174226527,Buffer Overflow Setid,firmware,buffer_overflow,15011,0,56,3610,8,12,8,0,378,6.7,0.0,CVE-2021-28372 (ThroughTek IoT device overflow),Buffer_Overflow_Setid_scene106366_p15011.pcap
106366248_174226527,Auth Bypass No Token,firmware,authentication_bypass,15011,1,84,5102,12,18,12,0,254,22.9,0.0,CVE-2019-19356 (Netis router auth bypass),Auth_Bypass_No_Token_scene106366_p15011.pcap
106366248_174226527,Auth Bypass Empty Token,firmware,authentication_bypass,15011,1,70,4255,10,15,10,0,215,8.2,0.0,CVE-2020-25078 (D-Link DCS camera hardcoded credentials),Auth_Bypass_Empty_Token_scene106366_p15011.pcap
106366248_174226527,Info Disclosure Debug Dump,firmware,information_disclosure,15011,1,28,1779,4,6,4,0,163,4.3,0.0,CVE-2021-36260 (Hikvision debug endpoint info disclosure),Info_Disclosure_Debug_Dump_scene106366_p15011.pcap
106366248_174226527,Info Disclosure Token Leak,firmware,information_disclosure,15011,0,74,4525,10,17,10,0,261,5.4,0.0,,Info_Disclosure_Token_Leak_scene106366_p15011.pcap
106366248_174226527,Command Injection Newline,firmware,command_injection,15011,1,70,4131,10,16,9,1,103,414.5,0.0,CVE-2019-17621 (D-Link command injection),Command_Injection_Newline_scene106366_p15011.pcap
106366248_174226527,Command Injection Null Byte,firmware,command_injection,15011,0,14,838,2,3,2,0,30,3005.2,0.0,,Command_Injection_Null_Byte_scene106366_p15011.pcap
106366248_174226527,Fw Update Overflow,firmware,firmware_update_attack,15011,1,42,2835,6,9,6,0,411,12.2,0.0,CVE-2022-25845 (Firmware update vulnerability in smart devices),Fw_Update_Overflow_scene106366_p15011.pcap
106366248_174226527,Fw Update No Signature,firmware,firmware_update_attack,15011,1,28,1783,4,6,4,0,167,5.5,0.0,CVE-2020-10882 (TP-Link unsigned firmware update),Fw_Update_No_Signature_scene106366_p15011.pcap
106366248_174226527,Dos Rapid Commands,firmware,denial_of_service,15011,1,1252,73296,204,306,111,83,1732,584.9,0.0,,Dos_Rapid_Commands_scene106366_p15011.pcap
106366248_174226527,Dos Large Payload,firmware,denial_of_service,15011,0,94,92798,12,23,12,0,87390,2040.5,0.0,,Dos_Large_Payload_scene106366_p15011.pcap
106366248_174226527,State Manipulation Disarm,firmware,state_manipulation,15011,1,112,6632,16,24,16,0,168,217.9,0.0,CVE-2019-9483 (SimpliSafe alarm disarm vulnerability),State_Manipulation_Disarm_scene106366_p15011.pcap
106366248_174226527,State Manipulation Calibration,firmware,state_manipulation,15011,0,56,3378,8,12,8,0,146,5.0,0.0,,State_Manipulation_Calibration_scene106366_p15011.pcap
106366248_174226527,Replay Command,firmware,replay_attack,15011,1,56,3311,8,12,8,0,79,215.6,0.0,CVE-2018-11714 (Zigbee replay vulnerability),Replay_Command_scene106366_p15011.pcap
106366248_174226527,Fuzzing Random,firmware,protocol_fuzzing,15011,1,120,8290,18,24,18,0,1354,24038.6,0.0,,Fuzzing_Random_scene106366_p15011.pcap
106366248_174226527,Fuzzing Format Strings,firmware,protocol_fuzzing,15011,0,100,6103,14,22,14,0,335,9.9,0.0,CVE-2019-14889 (libssh format string vulnerability),Fuzzing_Format_Strings_scene106366_p15011.pcap
106366248_174226527,Schedule Oob Write,firmware,buffer_overflow,15011,0,116,7097,16,26,16,0,409,11.5,0.0,CVE-2021-33104 (IoT OOB write vulnerability),Schedule_Oob_Write_scene106366_p15011.pcap
106366248_174226527,Unauthorized Subscribe,network,mqtt_eavesdropping,15011,0,0,0,0,0,0,0,0,107.6,0.0,,Unauthorized_Subscribe_scene106366_p15011.pcap
106366248_174226527,Mqtt Message Injection,network,mqtt_message_injection,15011,0,0,0,0,0,0,0,0,111.6,0.0,,Mqtt_Message_Injection_scene106366_p15011.pcap
106366248_174226527,Mqtt Topic Hijack,network,mqtt_topic_hijack,15011,0,0,0,0,0,0,0,0,110.2,0.0,,Mqtt_Topic_Hijack_scene106366_p15011.pcap
106366248_174226527,Tcp Connection Hijack,network,tcp_connection_hijack,15011,1,20,1185,2,6,2,0,41,508.6,0.0,,Tcp_Connection_Hijack_scene106366_p15011.pcap
106366248_174226527,Tcp Mitm Proxy,network,tcp_man_in_the_middle,15011,1,17,1015,2,6,0,1,51,1127.6,0.0,,Tcp_Mitm_Proxy_scene106366_p15011.pcap
106366248_174226527,Tcp Flood,network,network_denial_of_service,15011,1,429,30405,104,59,52,4,5181,2513.5,0.0,,Tcp_Flood_scene106366_p15011.pcap
106366248_174226527,Zigbee Replay,network,protocol_replay,15011,1,4,222,0,2,1,1,10,0.4,0.0,,Zigbee_Replay_scene106366_p15011.pcap
106366248_174226527,Zigbee Key Extraction,network,protocol_downgrade,15011,1,0,0,0,0,0,0,0,0.6,0.0,,Zigbee_Key_Extraction_scene106366_p15011.pcap
106366248_174226527,Protocol Downgrade,network,protocol_downgrade,15011,0,11,645,2,3,0,1,17,2.3,0.0,,Protocol_Downgrade_scene106366_p15011.pcap
106366248_174226527,Arp Spoof,network,arp_spoofing,15011,1,34,1882,0,2,15,2,2,0.2,0.0,,Arp_Spoof_scene106366_p15011.pcap
106366248_174226527,Dns Poison,network,dns_poisoning,15011,1,0,0,0,0,0,0,0,0.4,0.0,,Dns_Poison_scene106366_p15011.pcap
106366248_174226527,Deauth,network,deauthentication_attack,15011,1,0,0,0,0,0,0,0,0.4,0.0,,Deauth_scene106366_p15011.pcap
106366248_174226527,Evil Twin,network,evil_twin_ap,15011,1,0,0,0,0,0,0,0,0.3,0.0,,Evil_Twin_scene106366_p15011.pcap
106366248_174226527,Traffic Fingerprinting,network,traffic_analysis,15011,0,8,481,2,1,1,0,9,2310.6,0.0,,Traffic_Fingerprinting_scene106366_p15011.pcap
106366248_174226527,State-Update Delay Fu Type 1,phantom_delay,,15011,0,10,440,0,0,0,10,0,0.3,9.3,,State-Update_Delay_Fu_Type_1_scene106366_p15011.pcap
106366248_174226527,Erroneous Execution Fu Type 2,phantom_delay,,15011,0,0,0,0,0,0,0,0,0.3,9.3,,Erroneous_Execution_Fu_Type_2_scene106366_p15011.pcap
106366248_174226527,Action Reorder Fu Type 4,phantom_delay,,15011,0,2,100,0,0,0,0,0,0.3,9.3,,Action_Reorder_Fu_Type_4_scene106366_p15011.pcap
106366371_174226743,Buffer Overflow Cmd,firmware,buffer_overflow,15012,0,58,4688,8,13,8,0,1344,34.6,0.0,CVE-2020-12695 (UPnP buffer overflow in IoT devices),Buffer_Overflow_Cmd_scene106366_p15012.pcap
106366371_174226743,Buffer Overflow Setid,firmware,buffer_overflow,15012,0,56,3608,8,12,8,0,376,5.8,0.0,CVE-2021-28372 (ThroughTek IoT device overflow),Buffer_Overflow_Setid_scene106366_p15012.pcap
106366371_174226743,Auth Bypass No Token,firmware,authentication_bypass,15012,1,84,5058,12,18,12,0,210,6.1,0.0,CVE-2019-19356 (Netis router auth bypass),Auth_Bypass_No_Token_scene106366_p15012.pcap
106366371_174226743,Auth Bypass Empty Token,firmware,authentication_bypass,15012,1,70,4255,10,15,10,0,215,9.0,0.0,CVE-2020-25078 (D-Link DCS camera hardcoded credentials),Auth_Bypass_Empty_Token_scene106366_p15012.pcap
106366371_174226743,Info Disclosure Debug Dump,firmware,information_disclosure,15012,1,28,1735,4,6,4,0,119,2.9,0.0,CVE-2021-36260 (Hikvision debug endpoint info disclosure),Info_Disclosure_Debug_Dump_scene106366_p15012.pcap
106366371_174226743,Info Disclosure Token Leak,firmware,information_disclosure,15012,0,72,4390,10,16,10,0,238,7.2,0.0,,Info_Disclosure_Token_Leak_scene106366_p15012.pcap
106366371_174226743,Command Injection Newline,firmware,command_injection,15012,1,70,4138,10,16,9,1,110,421.8,0.0,CVE-2019-17621 (D-Link command injection),Command_Injection_Newline_scene106366_p15012.pcap
106366371_174226743,Command Injection Null Byte,firmware,command_injection,15012,0,14,838,2,3,2,0,30,3004.5,0.0,,Command_Injection_Null_Byte_scene106366_p15012.pcap
106366371_174226743,Fw Update Overflow,firmware,firmware_update_attack,15012,0,42,2939,6,9,6,0,515,11.9,0.0,CVE-2022-25845 (Firmware update vulnerability in smart devices),Fw_Update_Overflow_scene106366_p15012.pcap
106366371_174226743,Fw Update No Signature,firmware,firmware_update_attack,15012,0,28,1814,4,6,4,0,198,5.2,0.0,CVE-2020-10882 (TP-Link unsigned firmware update),Fw_Update_No_Signature_scene106366_p15012.pcap
106366371_174226743,Dos Rapid Commands,firmware,denial_of_service,15012,1,1236,72281,204,307,103,92,1721,568.7,0.0,,Dos_Rapid_Commands_scene106366_p15012.pcap
106366371_174226743,Dos Large Payload,firmware,denial_of_service,15012,0,94,92798,12,23,12,0,87390,2303.1,0.0,,Dos_Large_Payload_scene106366_p15012.pcap
106366371_174226743,State Manipulation Disarm,firmware,state_manipulation,15012,1,112,6632,16,24,16,0,168,214.0,0.0,CVE-2019-9483 (SimpliSafe alarm disarm vulnerability),State_Manipulation_Disarm_scene106366_p15012.pcap
106366371_174226743,State Manipulation Calibration,firmware,state_manipulation,15012,0,58,3466,8,13,8,0,122,4.6,0.0,,State_Manipulation_Calibration_scene106366_p15012.pcap
106366371_174226743,Replay Command,firmware,replay_attack,15012,1,56,3311,8,12,8,0,79,211.4,0.0,CVE-2018-11714 (Zigbee replay vulnerability),Replay_Command_scene106366_p15012.pcap
106366371_174226743,Fuzzing Random,firmware,protocol_fuzzing,15012,1,128,8712,18,29,17,1,1340,24040.5,0.0,,Fuzzing_Random_scene106366_p15012.pcap
106366371_174226743,Fuzzing Format Strings,firmware,protocol_fuzzing,15012,0,102,6215,14,23,14,0,335,13.3,0.0,CVE-2019-14889 (libssh format string vulnerability),Fuzzing_Format_Strings_scene106366_p15012.pcap
106366371_174226743,Schedule Oob Write,firmware,buffer_overflow,15012,0,114,6985,16,25,16,0,409,10.6,0.0,CVE-2021-33104 (IoT OOB write vulnerability),Schedule_Oob_Write_scene106366_p15012.pcap
106366371_174226743,Unauthorized Subscribe,network,mqtt_eavesdropping,15012,0,0,0,0,0,0,0,0,105.6,0.0,,Unauthorized_Subscribe_scene106366_p15012.pcap
106366371_174226743,Mqtt Message Injection,network,mqtt_message_injection,15012,0,0,0,0,0,0,0,0,107.2,0.0,,Mqtt_Message_Injection_scene106366_p15012.pcap
106366371_174226743,Mqtt Topic Hijack,network,mqtt_topic_hijack,15012,0,0,0,0,0,0,0,0,108.7,0.0,,Mqtt_Topic_Hijack_scene106366_p15012.pcap
106366371_174226743,Tcp Connection Hijack,network,tcp_connection_hijack,15012,1,20,1185,2,6,2,0,41,516.9,0.0,,Tcp_Connection_Hijack_scene106366_p15012.pcap
106366371_174226743,Tcp Mitm Proxy,network,tcp_man_in_the_middle,15012,1,17,1015,2,6,0,1,51,1117.8,0.0,,Tcp_Mitm_Proxy_scene106366_p15012.pcap
106366371_174226743,Tcp Flood,network,network_denial_of_service,15012,1,429,30423,104,59,52,4,5199,2520.0,0.0,,Tcp_Flood_scene106366_p15012.pcap
106366371_174226743,Zigbee Replay,network,protocol_replay,15012,1,6,325,0,1,2,1,1,0.1,0.0,,Zigbee_Replay_scene106366_p15012.pcap
106366371_174226743,Zigbee Key Extraction,network,protocol_downgrade,15012,1,0,0,0,0,0,0,0,0.2,0.0,,Zigbee_Key_Extraction_scene106366_p15012.pcap
106366371_174226743,Protocol Downgrade,network,protocol_downgrade,15012,0,11,645,2,3,0,1,17,2.4,0.0,,Protocol_Downgrade_scene106366_p15012.pcap
106366371_174226743,Arp Spoof,network,arp_spoofing,15012,1,16,900,0,4,5,3,40,0.3,0.0,,Arp_Spoof_scene106366_p15012.pcap
106366371_174226743,Dns Poison,network,dns_poisoning,15012,1,0,0,0,0,0,0,0,0.3,0.0,,Dns_Poison_scene106366_p15012.pcap
106366371_174226743,Deauth,network,deauthentication_attack,15012,1,0,0,0,0,0,0,0,0.3,0.0,,Deauth_scene106366_p15012.pcap
106366371_174226743,Evil Twin,network,evil_twin_ap,15012,1,0,0,0,0,0,0,0,0.2,0.0,,Evil_Twin_scene106366_p15012.pcap
106366371_174226743,Traffic Fingerprinting,network,traffic_analysis,15012,0,8,481,2,1,1,0,9,2308.2,0.0,,Traffic_Fingerprinting_scene106366_p15012.pcap
106366371_174226743,State-Update Delay Fu Type 1,phantom_delay,,15012,0,15,660,0,0,0,15,0,0.2,9.3,,State-Update_Delay_Fu_Type_1_scene106366_p15012.pcap
106366371_174226743,Erroneous Execution Fu Type 2,phantom_delay,,15012,0,0,0,0,0,0,0,0,0.1,9.3,,Erroneous_Execution_Fu_Type_2_scene106366_p15012.pcap
106366371_174226743,Action Reorder Fu Type 4,phantom_delay,,15012,0,2,100,0,0,0,0,0,0.1,9.3,,Action_Reorder_Fu_Type_4_scene106366_p15012.pcap
106878915_174887025,Buffer Overflow Cmd,firmware,buffer_overflow,15011,0,56,4576,8,12,8,0,1344,30.1,0.0,CVE-2020-12695 (UPnP buffer overflow in IoT devices),Buffer_Overflow_Cmd_scene106878_p15011.pcap
106878915_174887025,Buffer Overflow Setid,firmware,buffer_overflow,15011,0,58,3722,8,13,8,0,378,6.6,0.0,CVE-2021-28372 (ThroughTek IoT device overflow),Buffer_Overflow_Setid_scene106878_p15011.pcap
106878915_174887025,Auth Bypass No Token,firmware,authentication_bypass,15011,1,88,5326,12,20,12,0,254,6.7,0.0,CVE-2019-19356 (Netis router auth bypass),Auth_Bypass_No_Token_scene106878_p15011.pcap
106878915_174887025,Auth Bypass Empty Token,firmware,authentication_bypass,15011,1,70,4255,10,15,10,0,215,8.1,0.0,CVE-2020-25078 (D-Link DCS camera hardcoded credentials),Auth_Bypass_Empty_Token_scene106878_p15011.pcap
106878915_174887025,Info Disclosure Debug Dump,firmware,information_disclosure,15011,1,28,1779,4,6,4,0,163,3.6,0.0,CVE-2021-36260 (Hikvision debug endpoint info disclosure),Info_Disclosure_Debug_Dump_scene106878_p15011.pcap
106878915_174887025,Info Disclosure Token Leak,firmware,information_disclosure,15011,0,72,4413,10,16,10,0,261,6.2,0.0,,Info_Disclosure_Token_Leak_scene106878_p15011.pcap
106878915_174887025,Command Injection Newline,firmware,command_injection,15011,1,70,4145,10,16,9,1,117,421.1,0.0,CVE-2019-17621 (D-Link command injection),Command_Injection_Newline_scene106878_p15011.pcap
106878915_174887025,Command Injection Null Byte,firmware,command_injection,15011,0,14,838,2,3,2,0,30,3004.7,0.0,,Command_Injection_Null_Byte_scene106878_p15011.pcap
106878915_174887025,Fw Update Overflow,firmware,firmware_update_attack,15011,1,42,2835,6,9,6,0,411,12.2,0.0,CVE-2022-25845 (Firmware update vulnerability in smart devices),Fw_Update_Overflow_scene106878_p15011.pcap
106878915_174887025,Fw Update No Signature,firmware,firmware_update_attack,15011,1,28,1783,4,6,4,0,167,4.7,0.0,CVE-2020-10882 (TP-Link unsigned firmware update),Fw_Update_No_Signature_scene106878_p15011.pcap
106878915_174887025,Dos Rapid Commands,firmware,denial_of_service,15011,1,1278,74895,204,308,122,71,1731,570.2,0.0,,Dos_Rapid_Commands_scene106878_p15011.pcap
106878915_174887025,Dos Large Payload,firmware,denial_of_service,15011,0,94,92798,12,23,12,0,87390,2092.4,0.0,,Dos_Large_Payload_scene106878_p15011.pcap
106878915_174887025,State Manipulation Disarm,firmware,state_manipulation,15011,1,112,6632,16,24,16,0,168,217.2,0.0,CVE-2019-9483 (SimpliSafe alarm disarm vulnerability),State_Manipulation_Disarm_scene106878_p15011.pcap
106878915_174887025,State Manipulation Calibration,firmware,state_manipulation,15011,0,56,3378,8,12,8,0,146,4.7,0.0,,State_Manipulation_Calibration_scene106878_p15011.pcap
106878915_174887025,Replay Command,firmware,replay_attack,15011,1,56,3311,8,12,8,0,79,213.8,0.0,CVE-2018-11714 (Zigbee replay vulnerability),Replay_Command_scene106878_p15011.pcap
106878915_174887025,Fuzzing Random,firmware,protocol_fuzzing,15011,1,134,9210,18,31,18,0,1490,24041.3,0.0,,Fuzzing_Random_scene106878_p15011.pcap
106878915_174887025,Fuzzing Format Strings,firmware,protocol_fuzzing,15011,0,100,6103,14,22,14,0,335,8.5,0.0,CVE-2019-14889 (libssh format string vulnerability),Fuzzing_Format_Strings_scene106878_p15011.pcap
106878915_174887025,Schedule Oob Write,firmware,buffer_overflow,15011,0,112,6873,16,24,16,0,409,10.4,0.0,CVE-2021-33104 (IoT OOB write vulnerability),Schedule_Oob_Write_scene106878_p15011.pcap
106878915_174887025,Unauthorized Subscribe,network,mqtt_eavesdropping,15011,0,0,0,0,0,0,0,0,105.4,0.0,,Unauthorized_Subscribe_scene106878_p15011.pcap
106878915_174887025,Mqtt Message Injection,network,mqtt_message_injection,15011,0,0,0,0,0,0,0,0,109.0,0.0,,Mqtt_Message_Injection_scene106878_p15011.pcap
106878915_174887025,Mqtt Topic Hijack,network,mqtt_topic_hijack,15011,0,0,0,0,0,0,0,0,104.7,0.0,,Mqtt_Topic_Hijack_scene106878_p15011.pcap
106878915_174887025,Tcp Connection Hijack,network,tcp_connection_hijack,15011,1,20,1185,2,6,2,0,41,514.8,0.0,,Tcp_Connection_Hijack_scene106878_p15011.pcap
106878915_174887025,Tcp Mitm Proxy,network,tcp_man_in_the_middle,15011,1,17,1015,2,6,0,1,51,1119.2,0.0,,Tcp_Mitm_Proxy_scene106878_p15011.pcap
106878915_174887025,Tcp Flood,network,network_denial_of_service,15011,1,427,30277,104,57,52,3,5153,2519.4,0.0,,Tcp_Flood_scene106878_p15011.pcap
106878915_174887025,Zigbee Replay,network,protocol_replay,15011,1,2,112,0,0,1,0,0,0.2,0.0,,Zigbee_Replay_scene106878_p15011.pcap
106878915_174887025,Zigbee Key Extraction,network,protocol_downgrade,15011,1,0,0,0,0,0,0,0,0.2,0.0,,Zigbee_Key_Extraction_scene106878_p15011.pcap
106878915_174887025,Protocol Downgrade,network,protocol_downgrade,15011,0,11,645,2,3,0,1,17,2.7,0.0,,Protocol_Downgrade_scene106878_p15011.pcap
106878915_174887025,Arp Spoof,network,arp_spoofing,15011,1,38,2106,0,2,17,2,2,0.2,0.0,,Arp_Spoof_scene106878_p15011.pcap
106878915_174887025,Dns Poison,network,dns_poisoning,15011,1,0,0,0,0,0,0,0,0.3,0.0,,Dns_Poison_scene106878_p15011.pcap
106878915_174887025,Deauth,network,deauthentication_attack,15011,1,0,0,0,0,0,0,0,0.2,0.0,,Deauth_scene106878_p15011.pcap
106878915_174887025,Evil Twin,network,evil_twin_ap,15011,1,0,0,0,0,0,0,0,0.2,0.0,,Evil_Twin_scene106878_p15011.pcap
106878915_174887025,Traffic Fingerprinting,network,traffic_analysis,15011,0,8,481,2,1,1,0,9,2311.9,0.0,,Traffic_Fingerprinting_scene106878_p15011.pcap
106878915_174887025,State-Update Delay Fu Type 1,phantom_delay,,15011,0,0,0,0,0,0,0,0,0.1,9.3,,State-Update_Delay_Fu_Type_1_scene106878_p15011.pcap
106878915_174887025,Erroneous Execution Fu Type 2,phantom_delay,,15011,0,0,0,0,0,0,0,0,0.2,9.3,,Erroneous_Execution_Fu_Type_2_scene106878_p15011.pcap
106878915_174887025,Action Reorder Fu Type 4,phantom_delay,,15011,0,2,100,0,0,0,0,0,0.2,9.3,,Action_Reorder_Fu_Type_4_scene106878_p15011.pcap
106879080_174887211,Buffer Overflow Cmd,firmware,buffer_overflow,15012,0,58,4688,8,13,8,0,1344,41.2,0.0,CVE-2020-12695 (UPnP buffer overflow in IoT devices),Buffer_Overflow_Cmd_scene106879_p15012.pcap
106879080_174887211,Buffer Overflow Setid,firmware,buffer_overflow,15012,0,58,3720,8,13,8,0,376,7.9,0.0,CVE-2021-28372 (ThroughTek IoT device overflow),Buffer_Overflow_Setid_scene106879_p15012.pcap
106879080_174887211,Auth Bypass No Token,firmware,authentication_bypass,15012,1,86,5169,12,19,12,0,209,7.1,0.0,CVE-2019-19356 (Netis router auth bypass),Auth_Bypass_No_Token_scene106879_p15012.pcap
106879080_174887211,Auth Bypass Empty Token,firmware,authentication_bypass,15012,1,70,4255,10,15,10,0,215,10.1,0.0,CVE-2020-25078 (D-Link DCS camera hardcoded credentials),Auth_Bypass_Empty_Token_scene106879_p15012.pcap
106879080_174887211,Info Disclosure Debug Dump,firmware,information_disclosure,15012,1,28,1734,4,6,4,0,118,4.1,0.0,CVE-2021-36260 (Hikvision debug endpoint info disclosure),Info_Disclosure_Debug_Dump_scene106879_p15012.pcap
106879080_174887211,Info Disclosure Token Leak,firmware,information_disclosure,15012,0,70,4278,10,15,10,0,238,6.9,0.0,,Info_Disclosure_Token_Leak_scene106879_p15012.pcap
106879080_174887211,Command Injection Newline,firmware,command_injection,15012,1,70,4145,10,16,9,1,117,410.4,0.0,CVE-2019-17621 (D-Link command injection),Command_Injection_Newline_scene106879_p15012.pcap
106879080_174887211,Command Injection Null Byte,firmware,command_injection,15012,0,14,838,2,3,2,0,30,3005.0,0.0,,Command_Injection_Null_Byte_scene106879_p15012.pcap
106879080_174887211,Fw Update Overflow,firmware,firmware_update_attack,15012,0,42,2939,6,9,6,0,515,13.5,0.0,CVE-2022-25845 (Firmware update vulnerability in smart devices),Fw_Update_Overflow_scene106879_p15012.pcap
106879080_174887211,Fw Update No Signature,firmware,firmware_update_attack,15012,0,28,1814,4,6,4,0,198,5.4,0.0,CVE-2020-10882 (TP-Link unsigned firmware update),Fw_Update_No_Signature_scene106879_p15012.pcap
106879080_174887211,Dos Rapid Commands,firmware,denial_of_service,15012,1,1291,75722,204,306,130,63,1734,568.7,0.0,,Dos_Rapid_Commands_scene106879_p15012.pcap
106879080_174887211,Dos Large Payload,firmware,denial_of_service,15012,0,96,92910,12,24,12,0,87390,2302.6,0.0,,Dos_Large_Payload_scene106879_p15012.pcap
106879080_174887211,State Manipulation Disarm,firmware,state_manipulation,15012,1,116,6856,16,26,16,0,168,215.3,0.0,CVE-2019-9483 (SimpliSafe alarm disarm vulnerability),State_Manipulation_Disarm_scene106879_p15012.pcap
106879080_174887211,State Manipulation Calibration,firmware,state_manipulation,15012,0,56,3354,8,12,8,0,122,5.5,0.0,,State_Manipulation_Calibration_scene106879_p15012.pcap
106879080_174887211,Replay Command,firmware,replay_attack,15012,1,56,3311,8,12,8,0,79,206.7,0.0,CVE-2018-11714 (Zigbee replay vulnerability),Replay_Command_scene106879_p15012.pcap
106879080_174887211,Fuzzing Random,firmware,protocol_fuzzing,15012,0,130,8936,18,29,18,0,1440,24049.3,0.0,,Fuzzing_Random_scene106879_p15012.pcap
106879080_174887211,Fuzzing Format Strings,firmware,protocol_fuzzing,15012,0,98,5991,14,21,14,0,335,9.9,0.0,CVE-2019-14889 (libssh format string vulnerability),Fuzzing_Format_Strings_scene106879_p15012.pcap
106879080_174887211,Schedule Oob Write,firmware,buffer_overflow,15012,0,114,6985,16,25,16,0,409,10.4,0.0,CVE-2021-33104 (IoT OOB write vulnerability),Schedule_Oob_Write_scene106879_p15012.pcap
106879080_174887211,Unauthorized Subscribe,network,mqtt_eavesdropping,15012,0,0,0,0,0,0,0,0,108.2,0.0,,Unauthorized_Subscribe_scene106879_p15012.pcap
106879080_174887211,Mqtt Message Injection,network,mqtt_message_injection,15012,0,0,0,0,0,0,0,0,109.9,0.0,,Mqtt_Message_Injection_scene106879_p15012.pcap
106879080_174887211,Mqtt Topic Hijack,network,mqtt_topic_hijack,15012,0,0,0,0,0,0,0,0,110.9,0.0,,Mqtt_Topic_Hijack_scene106879_p15012.pcap
106879080_174887211,Tcp Connection Hijack,network,tcp_connection_hijack,15012,1,20,1185,2,6,2,0,41,516.6,0.0,,Tcp_Connection_Hijack_scene106879_p15012.pcap
106879080_174887211,Tcp Mitm Proxy,network,tcp_man_in_the_middle,15012,1,17,1015,2,6,0,1,51,1127.4,0.0,,Tcp_Mitm_Proxy_scene106879_p15012.pcap
106879080_174887211,Tcp Flood,network,network_denial_of_service,15012,1,427,30277,104,57,52,3,5153,2512.1,0.0,,Tcp_Flood_scene106879_p15012.pcap
106879080_174887211,Zigbee Replay,network,protocol_replay,15012,1,9,515,0,4,2,3,47,0.4,0.0,,Zigbee_Replay_scene106879_p15012.pcap
106879080_174887211,Zigbee Key Extraction,network,protocol_downgrade,15012,1,0,0,0,0,0,0,0,0.4,0.0,,Zigbee_Key_Extraction_scene106879_p15012.pcap
106879080_174887211,Protocol Downgrade,network,protocol_downgrade,15012,1,14,825,2,3,2,0,17,2.4,0.0,,Protocol_Downgrade_scene106879_p15012.pcap
106879080_174887211,Arp Spoof,network,arp_spoofing,15012,1,29,1630,0,3,12,2,30,0.4,0.0,,Arp_Spoof_scene106879_p15012.pcap
106879080_174887211,Dns Poison,network,dns_poisoning,15012,1,0,0,0,0,0,0,0,0.3,0.0,,Dns_Poison_scene106879_p15012.pcap
106879080_174887211,Deauth,network,deauthentication_attack,15012,1,0,0,0,0,0,0,0,0.3,0.0,,Deauth_scene106879_p15012.pcap
106879080_174887211,Evil Twin,network,evil_twin_ap,15012,1,0,0,0,0,0,0,0,0.2,0.0,,Evil_Twin_scene106879_p15012.pcap
106879080_174887211,Traffic Fingerprinting,network,traffic_analysis,15012,0,8,481,2,1,1,0,9,2311.6,0.0,,Traffic_Fingerprinting_scene106879_p15012.pcap
106879080_174887211,State-Update Delay Fu Type 1,phantom_delay,,15012,0,17,748,0,0,0,17,0,0.2,9.3,,State-Update_Delay_Fu_Type_1_scene106879_p15012.pcap
106879080_174887211,Erroneous Execution Fu Type 2,phantom_delay,,15012,0,0,0,0,0,0,0,0,0.2,9.3,,Erroneous_Execution_Fu_Type_2_scene106879_p15012.pcap
106879080_174887211,Action Reorder Fu Type 4,phantom_delay,,15012,0,4,200,0,0,0,0,0,0.2,9.3,,Action_Reorder_Fu_Type_4_scene106879_p15012.pcap
107734110_175999914,Buffer Overflow Cmd,firmware,buffer_overflow,15011,0,56,4576,8,12,8,0,1344,31.8,0.0,CVE-2020-12695 (UPnP buffer overflow in IoT devices),Buffer_Overflow_Cmd_scene107734_p15011.pcap
107734110_175999914,Buffer Overflow Setid,firmware,buffer_overflow,15011,0,60,3834,8,14,8,0,378,7.0,0.0,CVE-2021-28372 (ThroughTek IoT device overflow),Buffer_Overflow_Setid_scene107734_p15011.pcap
107734110_175999914,Auth Bypass No Token,firmware,authentication_bypass,15011,1,84,5102,12,18,12,0,254,6.8,0.0,CVE-2019-19356 (Netis router auth bypass),Auth_Bypass_No_Token_scene107734_p15011.pcap
107734110_175999914,Auth Bypass Empty Token,firmware,authentication_bypass,15011,1,70,4255,10,15,10,0,215,9.4,0.0,CVE-2020-25078 (D-Link DCS camera hardcoded credentials),Auth_Bypass_Empty_Token_scene107734_p15011.pcap
107734110_175999914,Info Disclosure Debug Dump,firmware,information_disclosure,15011,1,30,1891,4,7,4,0,163,4.1,0.0,CVE-2021-36260 (Hikvision debug endpoint info disclosure),Info_Disclosure_Debug_Dump_scene107734_p15011.pcap
107734110_175999914,Info Disclosure Token Leak,firmware,information_disclosure,15011,0,70,4301,10,15,10,0,261,5.7,0.0,,Info_Disclosure_Token_Leak_scene107734_p15011.pcap
107734110_175999914,Command Injection Newline,firmware,command_injection,15011,1,70,4131,10,16,9,1,103,413.3,0.0,CVE-2019-17621 (D-Link command injection),Command_Injection_Newline_scene107734_p15011.pcap
107734110_175999914,Command Injection Null Byte,firmware,command_injection,15011,0,14,838,2,3,2,0,30,3004.1,0.0,,Command_Injection_Null_Byte_scene107734_p15011.pcap
107734110_175999914,Fw Update Overflow,firmware,firmware_update_attack,15011,1,42,2835,6,9,6,0,411,12.2,0.0,CVE-2022-25845 (Firmware update vulnerability in smart devices),Fw_Update_Overflow_scene107734_p15011.pcap
107734110_175999914,Fw Update No Signature,firmware,firmware_update_attack,15011,1,28,1783,4,6,4,0,167,9.6,0.0,CVE-2020-10882 (TP-Link unsigned firmware update),Fw_Update_No_Signature_scene107734_p15011.pcap
107734110_175999914,Dos Rapid Commands,firmware,denial_of_service,15011,1,1256,73518,204,306,115,83,1730,572.6,0.0,,Dos_Rapid_Commands_scene107734_p15011.pcap
107734110_175999914,Dos Large Payload,firmware,denial_of_service,15011,0,96,92910,12,24,12,0,87390,2301.1,0.0,,Dos_Large_Payload_scene107734_p15011.pcap
107734110_175999914,State Manipulation Disarm,firmware,state_manipulation,15011,1,112,6632,16,24,16,0,168,211.0,0.0,CVE-2019-9483 (SimpliSafe alarm disarm vulnerability),State_Manipulation_Disarm_scene107734_p15011.pcap
107734110_175999914,State Manipulation Calibration,firmware,state_manipulation,15011,0,56,3378,8,12,8,0,146,5.7,0.0,,State_Manipulation_Calibration_scene107734_p15011.pcap
107734110_175999914,Replay Command,firmware,replay_attack,15011,1,56,3311,8,12,8,0,79,211.2,0.0,CVE-2018-11714 (Zigbee replay vulnerability),Replay_Command_scene107734_p15011.pcap
107734110_175999914,Fuzzing Random,firmware,protocol_fuzzing,15011,1,132,9104,18,30,18,0,1496,24046.6,0.0,,Fuzzing_Random_scene107734_p15011.pcap
107734110_175999914,Fuzzing Format Strings,firmware,protocol_fuzzing,15011,0,98,5991,14,21,14,0,335,9.6,0.0,CVE-2019-14889 (libssh format string vulnerability),Fuzzing_Format_Strings_scene107734_p15011.pcap
107734110_175999914,Schedule Oob Write,firmware,buffer_overflow,15011,0,112,6873,16,24,16,0,409,11.5,0.0,CVE-2021-33104 (IoT OOB write vulnerability),Schedule_Oob_Write_scene107734_p15011.pcap
107734110_175999914,Unauthorized Subscribe,network,mqtt_eavesdropping,15011,0,0,0,0,0,0,0,0,103.5,0.0,,Unauthorized_Subscribe_scene107734_p15011.pcap
107734110_175999914,Mqtt Message Injection,network,mqtt_message_injection,15011,0,0,0,0,0,0,0,0,110.8,0.0,,Mqtt_Message_Injection_scene107734_p15011.pcap
107734110_175999914,Mqtt Topic Hijack,network,mqtt_topic_hijack,15011,0,0,0,0,0,0,0,0,104.8,0.0,,Mqtt_Topic_Hijack_scene107734_p15011.pcap
107734110_175999914,Tcp Connection Hijack,network,tcp_connection_hijack,15011,1,20,1185,2,6,2,0,41,519.7,0.0,,Tcp_Connection_Hijack_scene107734_p15011.pcap
107734110_175999914,Tcp Mitm Proxy,network,tcp_man_in_the_middle,15011,1,17,1015,2,6,0,1,51,1122.9,0.0,,Tcp_Mitm_Proxy_scene107734_p15011.pcap
107734110_175999914,Tcp Flood,network,network_denial_of_service,15011,1,427,30277,104,57,52,3,5153,2526.4,0.0,,Tcp_Flood_scene107734_p15011.pcap
107734110_175999914,Zigbee Replay,network,protocol_replay,15011,1,4,222,0,2,1,1,10,0.3,0.0,,Zigbee_Replay_scene107734_p15011.pcap
107734110_175999914,Zigbee Key Extraction,network,protocol_downgrade,15011,1,0,0,0,0,0,0,0,0.6,0.0,,Zigbee_Key_Extraction_scene107734_p15011.pcap
107734110_175999914,Protocol Downgrade,network,protocol_downgrade,15011,0,8,479,2,1,1,0,7,3002.7,0.0,,Protocol_Downgrade_scene107734_p15011.pcap
107734110_175999914,Arp Spoof,network,arp_spoofing,15011,1,0,0,0,0,0,0,0,0.3,0.0,,Arp_Spoof_scene107734_p15011.pcap
107734110_175999914,Dns Poison,network,dns_poisoning,15011,1,0,0,0,0,0,0,0,0.2,0.0,,Dns_Poison_scene107734_p15011.pcap
107734110_175999914,Deauth,network,deauthentication_attack,15011,1,0,0,0,0,0,0,0,0.2,0.0,,Deauth_scene107734_p15011.pcap
107734110_175999914,Evil Twin,network,evil_twin_ap,15011,1,0,0,0,0,0,0,0,0.3,0.0,,Evil_Twin_scene107734_p15011.pcap
107734110_175999914,Traffic Fingerprinting,network,traffic_analysis,15011,0,45,2109,2,1,1,37,9,2313.7,0.0,,Traffic_Fingerprinting_scene107734_p15011.pcap
107734110_175999914,State-Update Delay Fu Type 1,phantom_delay,,15011,0,10,641,0,5,2,3,117,0.1,9.3,,State-Update_Delay_Fu_Type_1_scene107734_p15011.pcap
107734110_175999914,Erroneous Execution Fu Type 2,phantom_delay,,15011,0,0,0,0,0,0,0,0,0.2,9.3,,Erroneous_Execution_Fu_Type_2_scene107734_p15011.pcap
107734110_175999914,Action Reorder Fu Type 4,phantom_delay,,15011,0,0,0,0,0,0,0,0,0.1,9.3,,Action_Reorder_Fu_Type_4_scene107734_p15011.pcap
107734176_176000019,Buffer Overflow Cmd,firmware,buffer_overflow,15012,0,58,4688,8,13,8,0,1344,36.6,0.0,CVE-2020-12695 (UPnP buffer overflow in IoT devices),Buffer_Overflow_Cmd_scene107734_p15012.pcap
107734176_176000019,Buffer Overflow Setid,firmware,buffer_overflow,15012,0,58,3720,8,13,8,0,376,5.7,0.0,CVE-2021-28372 (ThroughTek IoT device overflow),Buffer_Overflow_Setid_scene107734_p15012.pcap
107734176_176000019,Auth Bypass No Token,firmware,authentication_bypass,15012,1,84,5058,12,18,12,0,210,6.8,0.0,CVE-2019-19356 (Netis router auth bypass),Auth_Bypass_No_Token_scene107734_p15012.pcap
107734176_176000019,Auth Bypass Empty Token,firmware,authentication_bypass,15012,1,72,4367,10,16,10,0,215,9.7,0.0,CVE-2020-25078 (D-Link DCS camera hardcoded credentials),Auth_Bypass_Empty_Token_scene107734_p15012.pcap
107734176_176000019,Info Disclosure Debug Dump,firmware,information_disclosure,15012,1,28,1735,4,6,4,0,119,3.8,0.0,CVE-2021-36260 (Hikvision debug endpoint info disclosure),Info_Disclosure_Debug_Dump_scene107734_p15012.pcap
107734176_176000019,Info Disclosure Token Leak,firmware,information_disclosure,15012,0,70,4277,10,15,10,0,237,6.1,0.0,,Info_Disclosure_Token_Leak_scene107734_p15012.pcap
107734176_176000019,Command Injection Newline,firmware,command_injection,15012,1,70,4145,10,16,9,1,117,425.0,0.0,CVE-2019-17621 (D-Link command injection),Command_Injection_Newline_scene107734_p15012.pcap
107734176_176000019,Command Injection Null Byte,firmware,command_injection,15012,0,14,838,2,3,2,0,30,3005.0,0.0,,Command_Injection_Null_Byte_scene107734_p15012.pcap
107734176_176000019,Fw Update Overflow,firmware,firmware_update_attack,15012,0,42,2939,6,9,6,0,515,12.3,0.0,CVE-2022-25845 (Firmware update vulnerability in smart devices),Fw_Update_Overflow_scene107734_p15012.pcap
107734176_176000019,Fw Update No Signature,firmware,firmware_update_attack,15012,0,28,1814,4,6,4,0,198,5.6,0.0,CVE-2020-10882 (TP-Link unsigned firmware update),Fw_Update_No_Signature_scene107734_p15012.pcap
107734176_176000019,Dos Rapid Commands,firmware,denial_of_service,15012,1,1272,74549,204,307,119,72,1733,572.2,0.0,,Dos_Rapid_Commands_scene107734_p15012.pcap
107734176_176000019,Dos Large Payload,firmware,denial_of_service,15012,0,96,92910,12,24,12,0,87390,2262.7,0.0,,Dos_Large_Payload_scene107734_p15012.pcap
107734176_176000019,State Manipulation Disarm,firmware,state_manipulation,15012,1,114,6744,16,25,16,0,168,213.9,0.0,CVE-2019-9483 (SimpliSafe alarm disarm vulnerability),State_Manipulation_Disarm_scene107734_p15012.pcap
107734176_176000019,State Manipulation Calibration,firmware,state_manipulation,15012,0,56,3352,8,12,8,0,120,5.5,0.0,,State_Manipulation_Calibration_scene107734_p15012.pcap
107734176_176000019,Replay Command,firmware,replay_attack,15012,1,56,3311,8,12,8,0,79,212.0,0.0,CVE-2018-11714 (Zigbee replay vulnerability),Replay_Command_scene107734_p15012.pcap
107734176_176000019,Fuzzing Random,firmware,protocol_fuzzing,15012,1,132,9071,18,30,18,0,1463,24057.2,0.0,,Fuzzing_Random_scene107734_p15012.pcap
107734176_176000019,Fuzzing Format Strings,firmware,protocol_fuzzing,15012,0,100,6103,14,22,14,0,335,10.5,0.0,CVE-2019-14889 (libssh format string vulnerability),Fuzzing_Format_Strings_scene107734_p15012.pcap
107734176_176000019,Schedule Oob Write,firmware,buffer_overflow,15012,0,116,7097,16,26,16,0,409,11.4,0.0,CVE-2021-33104 (IoT OOB write vulnerability),Schedule_Oob_Write_scene107734_p15012.pcap
107734176_176000019,Unauthorized Subscribe,network,mqtt_eavesdropping,15012,0,0,0,0,0,0,0,0,108.3,0.0,,Unauthorized_Subscribe_scene107734_p15012.pcap
107734176_176000019,Mqtt Message Injection,network,mqtt_message_injection,15012,0,0,0,0,0,0,0,0,104.0,0.0,,Mqtt_Message_Injection_scene107734_p15012.pcap
107734176_176000019,Mqtt Topic Hijack,network,mqtt_topic_hijack,15012,0,0,0,0,0,0,0,0,107.8,0.0,,Mqtt_Topic_Hijack_scene107734_p15012.pcap
107734176_176000019,Tcp Connection Hijack,network,tcp_connection_hijack,15012,1,20,1185,2,6,2,0,41,504.7,0.0,,Tcp_Connection_Hijack_scene107734_p15012.pcap
107734176_176000019,Tcp Mitm Proxy,network,tcp_man_in_the_middle,15012,1,17,1015,2,6,0,1,51,1126.6,0.0,,Tcp_Mitm_Proxy_scene107734_p15012.pcap
107734176_176000019,Tcp Flood,network,network_denial_of_service,15012,1,428,30399,104,59,51,4,5231,2518.4,0.0,,Tcp_Flood_scene107734_p15012.pcap
107734176_176000019,Zigbee Replay,network,protocol_replay,15012,1,4,222,0,2,1,1,10,0.3,0.0,,Zigbee_Replay_scene107734_p15012.pcap
107734176_176000019,Zigbee Key Extraction,network,protocol_downgrade,15012,1,0,0,0,0,0,0,0,0.2,0.0,,Zigbee_Key_Extraction_scene107734_p15012.pcap
107734176_176000019,Protocol Downgrade,network,protocol_downgrade,15012,0,8,479,2,1,1,0,7,3001.2,0.0,,Protocol_Downgrade_scene107734_p15012.pcap
107734176_176000019,Arp Spoof,network,arp_spoofing,15012,1,0,0,0,0,0,0,0,0.1,0.0,,Arp_Spoof_scene107734_p15012.pcap
107734176_176000019,Dns Poison,network,dns_poisoning,15012,1,0,0,0,0,0,0,0,0.1,0.0,,Dns_Poison_scene107734_p15012.pcap
107734176_176000019,Deauth,network,deauthentication_attack,15012,1,0,0,0,0,0,0,0,0.2,0.0,,Deauth_scene107734_p15012.pcap
107734176_176000019,Evil Twin,network,evil_twin_ap,15012,1,0,0,0,0,0,0,0,0.4,0.0,,Evil_Twin_scene107734_p15012.pcap
107734176_176000019,Traffic Fingerprinting,network,traffic_analysis,15012,0,37,1757,2,1,1,29,9,2311.9,0.0,,Traffic_Fingerprinting_scene107734_p15012.pcap
107734176_176000019,State-Update Delay Fu Type 1,phantom_delay,,15012,0,6,346,0,2,2,1,22,0.3,9.3,,State-Update_Delay_Fu_Type_1_scene107734_p15012.pcap
107734176_176000019,Erroneous Execution Fu Type 2,phantom_delay,,15012,0,0,0,0,0,0,0,0,0.3,9.3,,Erroneous_Execution_Fu_Type_2_scene107734_p15012.pcap
107734176_176000019,Action Reorder Fu Type 4,phantom_delay,,15012,0,0,0,0,0,0,0,0,0.4,9.3,,Action_Reorder_Fu_Type_4_scene107734_p15012.pcap
107734449_176000403,Buffer Overflow Cmd,firmware,buffer_overflow,15011,0,58,4688,8,13,8,0,1344,29.1,0.0,CVE-2020-12695 (UPnP buffer overflow in IoT devices),Buffer_Overflow_Cmd_scene107734_p15011.pcap
107734449_176000403,Buffer Overflow Setid,firmware,buffer_overflow,15011,0,60,3834,8,14,8,0,378,6.8,0.0,CVE-2021-28372 (ThroughTek IoT device overflow),Buffer_Overflow_Setid_scene107734_p15011.pcap
107734449_176000403,Auth Bypass No Token,firmware,authentication_bypass,15011,1,86,5214,12,19,12,0,254,6.7,0.0,CVE-2019-19356 (Netis router auth bypass),Auth_Bypass_No_Token_scene107734_p15011.pcap
107734449_176000403,Auth Bypass Empty Token,firmware,authentication_bypass,15011,1,70,4255,10,15,10,0,215,7.7,0.0,CVE-2020-25078 (D-Link DCS camera hardcoded credentials),Auth_Bypass_Empty_Token_scene107734_p15011.pcap
107734449_176000403,Info Disclosure Debug Dump,firmware,information_disclosure,15011,1,28,1779,4,6,4,0,163,4.0,0.0,CVE-2021-36260 (Hikvision debug endpoint info disclosure),Info_Disclosure_Debug_Dump_scene107734_p15011.pcap
107734449_176000403,Info Disclosure Token Leak,firmware,information_disclosure,15011,0,72,4413,10,16,10,0,261,6.6,0.0,,Info_Disclosure_Token_Leak_scene107734_p15011.pcap
107734449_176000403,Command Injection Newline,firmware,command_injection,15011,1,70,4145,10,16,9,1,117,431.5,0.0,CVE-2019-17621 (D-Link command injection),Command_Injection_Newline_scene107734_p15011.pcap
107734449_176000403,Command Injection Null Byte,firmware,command_injection,15011,0,14,838,2,3,2,0,30,3003.1,0.0,,Command_Injection_Null_Byte_scene107734_p15011.pcap
107734449_176000403,Fw Update Overflow,firmware,firmware_update_attack,15011,1,42,2835,6,9,6,0,411,11.2,0.0,CVE-2022-25845 (Firmware update vulnerability in smart devices),Fw_Update_Overflow_scene107734_p15011.pcap
107734449_176000403,Fw Update No Signature,firmware,firmware_update_attack,15011,1,28,1783,4,6,4,0,167,5.1,0.0,CVE-2020-10882 (TP-Link unsigned firmware update),Fw_Update_No_Signature_scene107734_p15011.pcap
107734449_176000403,Dos Rapid Commands,firmware,denial_of_service,15011,1,1259,73750,204,306,113,78,1734,579.2,0.0,,Dos_Rapid_Commands_scene107734_p15011.pcap
107734449_176000403,Dos Large Payload,firmware,denial_of_service,15011,0,94,92798,12,23,12,0,87390,2145.3,0.0,,Dos_Large_Payload_scene107734_p15011.pcap
107734449_176000403,State Manipulation Disarm,firmware,state_manipulation,15011,1,114,6744,16,25,16,0,168,219.2,0.0,CVE-2019-9483 (SimpliSafe alarm disarm vulnerability),State_Manipulation_Disarm_scene107734_p15011.pcap
107734449_176000403,State Manipulation Calibration,firmware,state_manipulation,15011,0,56,3378,8,12,8,0,146,4.6,0.0,,State_Manipulation_Calibration_scene107734_p15011.pcap
107734449_176000403,Replay Command,firmware,replay_attack,15011,1,56,3311,8,12,8,0,79,214.5,0.0,CVE-2018-11714 (Zigbee replay vulnerability),Replay_Command_scene107734_p15011.pcap
107734449_176000403,Fuzzing Random,firmware,protocol_fuzzing,15011,1,132,9025,18,31,18,1,1429,24041.7,0.0,,Fuzzing_Random_scene107734_p15011.pcap
107734449_176000403,Fuzzing Format Strings,firmware,protocol_fuzzing,15011,0,102,6215,14,23,14,0,335,9.4,0.0,CVE-2019-14889 (libssh format string vulnerability),Fuzzing_Format_Strings_scene107734_p15011.pcap
107734449_176000403,Schedule Oob Write,firmware,buffer_overflow,15011,0,112,6873,16,24,16,0,409,15.0,0.0,CVE-2021-33104 (IoT OOB write vulnerability),Schedule_Oob_Write_scene107734_p15011.pcap
107734449_176000403,Unauthorized Subscribe,network,mqtt_eavesdropping,15011,0,0,0,0,0,0,0,0,109.9,0.0,,Unauthorized_Subscribe_scene107734_p15011.pcap
107734449_176000403,Mqtt Message Injection,network,mqtt_message_injection,15011,0,0,0,0,0,0,0,0,110.8,0.0,,Mqtt_Message_Injection_scene107734_p15011.pcap
107734449_176000403,Mqtt Topic Hijack,network,mqtt_topic_hijack,15011,0,0,0,0,0,0,0,0,111.3,0.0,,Mqtt_Topic_Hijack_scene107734_p15011.pcap
107734449_176000403,Tcp Connection Hijack,network,tcp_connection_hijack,15011,1,20,1185,2,6,2,0,41,513.1,0.0,,Tcp_Connection_Hijack_scene107734_p15011.pcap
107734449_176000403,Tcp Mitm Proxy,network,tcp_man_in_the_middle,15011,1,17,1015,2,6,0,1,51,1119.1,0.0,,Tcp_Mitm_Proxy_scene107734_p15011.pcap
107734449_176000403,Tcp Flood,network,network_denial_of_service,15011,1,433,30629,104,60,53,3,5169,2514.0,0.0,,Tcp_Flood_scene107734_p15011.pcap
107734449_176000403,Zigbee Replay,network,protocol_replay,15011,1,4,222,0,2,1,1,10,0.2,0.0,,Zigbee_Replay_scene107734_p15011.pcap
107734449_176000403,Zigbee Key Extraction,network,protocol_downgrade,15011,1,0,0,0,0,0,0,0,0.3,0.0,,Zigbee_Key_Extraction_scene107734_p15011.pcap
107734449_176000403,Protocol Downgrade,network,protocol_downgrade,15011,0,12,701,2,3,1,1,17,2.0,0.0,,Protocol_Downgrade_scene107734_p15011.pcap
107734449_176000403,Arp Spoof,network,arp_spoofing,15011,1,39,2226,0,3,17,2,66,0.1,0.0,,Arp_Spoof_scene107734_p15011.pcap
107734449_176000403,Dns Poison,network,dns_poisoning,15011,1,0,0,0,0,0,0,0,0.3,0.0,,Dns_Poison_scene107734_p15011.pcap
107734449_176000403,Deauth,network,deauthentication_attack,15011,1,0,0,0,0,0,0,0,0.1,0.0,,Deauth_scene107734_p15011.pcap
107734449_176000403,Evil Twin,network,evil_twin_ap,15011,1,0,0,0,0,0,0,0,0.1,0.0,,Evil_Twin_scene107734_p15011.pcap
107734449_176000403,Traffic Fingerprinting,network,traffic_analysis,15011,1,16,1037,2,4,2,0,117,311.7,0.0,,Traffic_Fingerprinting_scene107734_p15011.pcap
107734449_176000403,State-Update Delay Fu Type 1,phantom_delay,,15011,0,0,0,0,0,0,0,0,0.2,9.3,,State-Update_Delay_Fu_Type_1_scene107734_p15011.pcap
107734449_176000403,Erroneous Execution Fu Type 2,phantom_delay,,15011,0,0,0,0,0,0,0,0,0.3,9.3,,Erroneous_Execution_Fu_Type_2_scene107734_p15011.pcap
107734449_176000403,Action Reorder Fu Type 4,phantom_delay,,15011,0,0,0,0,0,0,0,0,0.2,9.3,,Action_Reorder_Fu_Type_4_scene107734_p15011.pcap
108294558_176710095,Buffer Overflow Cmd,firmware,buffer_overflow,15012,0,58,4688,8,13,8,0,1344,38.4,0.0,CVE-2020-12695 (UPnP buffer overflow in IoT devices),Buffer_Overflow_Cmd_scene108294_p15012.pcap
108294558_176710095,Buffer Overflow Setid,firmware,buffer_overflow,15012,0,60,3832,8,14,8,0,376,7.6,0.0,CVE-2021-28372 (ThroughTek IoT device overflow),Buffer_Overflow_Setid_scene108294_p15012.pcap
108294558_176710095,Auth Bypass No Token,firmware,authentication_bypass,15012,1,84,5058,12,18,12,0,210,6.2,0.0,CVE-2019-19356 (Netis router auth bypass),Auth_Bypass_No_Token_scene108294_p15012.pcap
108294558_176710095,Auth Bypass Empty Token,firmware,authentication_bypass,15012,1,70,4255,10,15,10,0,215,7.5,0.0,CVE-2020-25078 (D-Link DCS camera hardcoded credentials),Auth_Bypass_Empty_Token_scene108294_p15012.pcap
108294558_176710095,Info Disclosure Debug Dump,firmware,information_disclosure,15012,1,28,1735,4,6,4,0,119,4.0,0.0,CVE-2021-36260 (Hikvision debug endpoint info disclosure),Info_Disclosure_Debug_Dump_scene108294_p15012.pcap
108294558_176710095,Info Disclosure Token Leak,firmware,information_disclosure,15012,0,72,4390,10,16,10,0,238,6.5,0.0,,Info_Disclosure_Token_Leak_scene108294_p15012.pcap
108294558_176710095,Command Injection Newline,firmware,command_injection,15012,1,70,4131,10,16,9,1,103,416.4,0.0,CVE-2019-17621 (D-Link command injection),Command_Injection_Newline_scene108294_p15012.pcap
108294558_176710095,Command Injection Null Byte,firmware,command_injection,15012,0,14,838,2,3,2,0,30,3004.1,0.0,,Command_Injection_Null_Byte_scene108294_p15012.pcap
108294558_176710095,Fw Update Overflow,firmware,firmware_update_attack,15012,0,42,2939,6,9,6,0,515,13.0,0.0,CVE-2022-25845 (Firmware update vulnerability in smart devices),Fw_Update_Overflow_scene108294_p15012.pcap
108294558_176710095,Fw Update No Signature,firmware,firmware_update_attack,15012,0,28,1814,4,6,4,0,198,6.3,0.0,CVE-2020-10882 (TP-Link unsigned firmware update),Fw_Update_No_Signature_scene108294_p15012.pcap
108294558_176710095,Dos Rapid Commands,firmware,denial_of_service,15012,0,1324,77738,204,307,147,49,1734,569.1,0.0,,Dos_Rapid_Commands_scene108294_p15012.pcap
108294558_176710095,Dos Large Payload,firmware,denial_of_service,15012,0,96,92910,12,24,12,0,87390,2277.6,0.0,,Dos_Large_Payload_scene108294_p15012.pcap
108294558_176710095,State Manipulation Disarm,firmware,state_manipulation,15012,1,112,6632,16,24,16,0,168,207.9,0.0,CVE-2019-9483 (SimpliSafe alarm disarm vulnerability),State_Manipulation_Disarm_scene108294_p15012.pcap
108294558_176710095,State Manipulation Calibration,firmware,state_manipulation,15012,0,60,3576,8,14,8,0,120,5.7,0.0,,State_Manipulation_Calibration_scene108294_p15012.pcap
108294558_176710095,Replay Command,firmware,replay_attack,15012,1,56,3311,8,12,8,0,79,211.2,0.0,CVE-2018-11714 (Zigbee replay vulnerability),Replay_Command_scene108294_p15012.pcap
108294558_176710095,Fuzzing Random,firmware,protocol_fuzzing,15012,1,126,8687,18,27,18,0,1415,24045.6,0.0,,Fuzzing_Random_scene108294_p15012.pcap
108294558_176710095,Fuzzing Format Strings,firmware,protocol_fuzzing,15012,0,98,5991,14,21,14,0,335,8.8,0.0,CVE-2019-14889 (libssh format string vulnerability),Fuzzing_Format_Strings_scene108294_p15012.pcap
108294558_176710095,Schedule Oob Write,firmware,buffer_overflow,15012,0,116,7097,16,26,16,0,409,10.2,0.0,CVE-2021-33104 (IoT OOB write vulnerability),Schedule_Oob_Write_scene108294_p15012.pcap
108294558_176710095,Unauthorized Subscribe,network,mqtt_eavesdropping,15012,0,0,0,0,0,0,0,0,103.3,0.0,,Unauthorized_Subscribe_scene108294_p15012.pcap
108294558_176710095,Mqtt Message Injection,network,mqtt_message_injection,15012,0,0,0,0,0,0,0,0,107.8,0.0,,Mqtt_Message_Injection_scene108294_p15012.pcap
108294558_176710095,Mqtt Topic Hijack,network,mqtt_topic_hijack,15012,0,0,0,0,0,0,0,0,105.8,0.0,,Mqtt_Topic_Hijack_scene108294_p15012.pcap
108294558_176710095,Tcp Connection Hijack,network,tcp_connection_hijack,15012,1,20,1185,2,6,2,0,41,518.9,0.0,,Tcp_Connection_Hijack_scene108294_p15012.pcap
108294558_176710095,Tcp Mitm Proxy,network,tcp_man_in_the_middle,15012,1,17,1015,2,6,0,1,51,1128.2,0.0,,Tcp_Mitm_Proxy_scene108294_p15012.pcap
108294558_176710095,Tcp Flood,network,network_denial_of_service,15012,1,433,30639,104,60,53,3,5179,2522.1,0.0,,Tcp_Flood_scene108294_p15012.pcap
108294558_176710095,Zigbee Replay,network,protocol_replay,15012,1,7,436,0,4,1,2,68,0.3,0.0,,Zigbee_Replay_scene108294_p15012.pcap
108294558_176710095,Zigbee Key Extraction,network,protocol_downgrade,15012,1,0,0,0,0,0,0,0,0.5,0.0,,Zigbee_Key_Extraction_scene108294_p15012.pcap
108294558_176710095,Protocol Downgrade,network,protocol_downgrade,15012,0,12,701,2,3,1,1,17,1.9,0.0,,Protocol_Downgrade_scene108294_p15012.pcap
108294558_176710095,Arp Spoof,network,arp_spoofing,15012,1,21,1213,0,4,7,3,73,0.1,0.0,,Arp_Spoof_scene108294_p15012.pcap
108294558_176710095,Dns Poison,network,dns_poisoning,15012,1,0,0,0,0,0,0,0,0.1,0.0,,Dns_Poison_scene108294_p15012.pcap
108294558_176710095,Deauth,network,deauthentication_attack,15012,1,0,0,0,0,0,0,0,0.1,0.0,,Deauth_scene108294_p15012.pcap
108294558_176710095,Evil Twin,network,evil_twin_ap,15012,1,0,0,0,0,0,0,0,0.3,0.0,,Evil_Twin_scene108294_p15012.pcap
108294558_176710095,Traffic Fingerprinting,network,traffic_analysis,15012,1,16,1036,2,4,2,0,116,310.9,0.0,,Traffic_Fingerprinting_scene108294_p15012.pcap
108294558_176710095,State-Update Delay Fu Type 1,phantom_delay,,15012,0,0,0,0,0,0,0,0,0.1,9.3,,State-Update_Delay_Fu_Type_1_scene108294_p15012.pcap
108294558_176710095,Erroneous Execution Fu Type 2,phantom_delay,,15012,0,0,0,0,0,0,0,0,0.2,9.3,,Erroneous_Execution_Fu_Type_2_scene108294_p15012.pcap
108294558_176710095,Action Reorder Fu Type 4,phantom_delay,,15012,0,0,0,0,0,0,0,0,0.1,9.3,,Action_Reorder_Fu_Type_4_scene108294_p15012.pcap
108294798_176710428,Buffer Overflow Cmd,firmware,buffer_overflow,15011,0,58,4688,8,13,8,0,1344,35.3,0.0,CVE-2020-12695 (UPnP buffer overflow in IoT devices),Buffer_Overflow_Cmd_scene108294_p15011.pcap
108294798_176710428,Buffer Overflow Setid,firmware,buffer_overflow,15011,0,60,3834,8,14,8,0,378,6.5,0.0,CVE-2021-28372 (ThroughTek IoT device overflow),Buffer_Overflow_Setid_scene108294_p15011.pcap
108294798_176710428,Auth Bypass No Token,firmware,authentication_bypass,15011,1,90,5438,12,21,12,0,254,7.0,0.0,CVE-2019-19356 (Netis router auth bypass),Auth_Bypass_No_Token_scene108294_p15011.pcap
108294798_176710428,Auth Bypass Empty Token,firmware,authentication_bypass,15011,1,70,4255,10,15,10,0,215,7.7,0.0,CVE-2020-25078 (D-Link DCS camera hardcoded credentials),Auth_Bypass_Empty_Token_scene108294_p15011.pcap
108294798_176710428,Info Disclosure Debug Dump,firmware,information_disclosure,15011,1,28,1779,4,6,4,0,163,2.8,0.0,CVE-2021-36260 (Hikvision debug endpoint info disclosure),Info_Disclosure_Debug_Dump_scene108294_p15011.pcap
108294798_176710428,Info Disclosure Token Leak,firmware,information_disclosure,15011,0,76,4625,10,19,9,1,261,6.0,0.0,,Info_Disclosure_Token_Leak_scene108294_p15011.pcap
108294798_176710428,Command Injection Newline,firmware,command_injection,15011,1,70,4131,10,16,9,1,103,421.5,0.0,CVE-2019-17621 (D-Link command injection),Command_Injection_Newline_scene108294_p15011.pcap
108294798_176710428,Command Injection Null Byte,firmware,command_injection,15011,0,14,838,2,3,2,0,30,3005.2,0.0,,Command_Injection_Null_Byte_scene108294_p15011.pcap
108294798_176710428,Fw Update Overflow,firmware,firmware_update_attack,15011,1,42,2835,6,9,6,0,411,12.1,0.0,CVE-2022-25845 (Firmware update vulnerability in smart devices),Fw_Update_Overflow_scene108294_p15011.pcap
108294798_176710428,Fw Update No Signature,firmware,firmware_update_attack,15011,1,28,1783,4,6,4,0,167,4.3,0.0,CVE-2020-10882 (TP-Link unsigned firmware update),Fw_Update_No_Signature_scene108294_p15011.pcap
108294798_176710428,Dos Rapid Commands,firmware,denial_of_service,15011,1,1264,73990,204,307,120,81,1730,611.3,0.0,,Dos_Rapid_Commands_scene108294_p15011.pcap
108294798_176710428,Dos Large Payload,firmware,denial_of_service,15011,0,100,93134,12,26,12,0,87390,1938.4,0.0,,Dos_Large_Payload_scene108294_p15011.pcap
108294798_176710428,State Manipulation Disarm,firmware,state_manipulation,15011,1,112,6632,16,24,16,0,168,212.7,0.0,CVE-2019-9483 (SimpliSafe alarm disarm vulnerability),State_Manipulation_Disarm_scene108294_p15011.pcap
108294798_176710428,State Manipulation Calibration,firmware,state_manipulation,15011,0,56,3378,8,12,8,0,146,5.6,0.0,,State_Manipulation_Calibration_scene108294_p15011.pcap
108294798_176710428,Replay Command,firmware,replay_attack,15011,1,56,3311,8,12,8,0,79,207.4,0.0,CVE-2018-11714 (Zigbee replay vulnerability),Replay_Command_scene108294_p15011.pcap
108294798_176710428,Fuzzing Random,firmware,protocol_fuzzing,15011,0,130,8888,18,29,18,0,1392,24043.7,0.0,,Fuzzing_Random_scene108294_p15011.pcap
108294798_176710428,Fuzzing Format Strings,firmware,protocol_fuzzing,15011,0,98,5991,14,21,14,0,335,9.1,0.0,CVE-2019-14889 (libssh format string vulnerability),Fuzzing_Format_Strings_scene108294_p15011.pcap
108294798_176710428,Schedule Oob Write,firmware,buffer_overflow,15011,0,114,6985,16,25,16,0,409,9.2,0.0,CVE-2021-33104 (IoT OOB write vulnerability),Schedule_Oob_Write_scene108294_p15011.pcap
108294798_176710428,Unauthorized Subscribe,network,mqtt_eavesdropping,15011,0,0,0,0,0,0,0,0,110.6,0.0,,Unauthorized_Subscribe_scene108294_p15011.pcap
108294798_176710428,Mqtt Message Injection,network,mqtt_message_injection,15011,0,0,0,0,0,0,0,0,102.5,0.0,,Mqtt_Message_Injection_scene108294_p15011.pcap
108294798_176710428,Mqtt Topic Hijack,network,mqtt_topic_hijack,15011,0,0,0,0,0,0,0,0,110.2,0.0,,Mqtt_Topic_Hijack_scene108294_p15011.pcap
108294798_176710428,Tcp Connection Hijack,network,tcp_connection_hijack,15011,1,20,1185,2,6,2,0,41,508.8,0.0,,Tcp_Connection_Hijack_scene108294_p15011.pcap
108294798_176710428,Tcp Mitm Proxy,network,tcp_man_in_the_middle,15011,1,17,1015,2,6,0,1,51,1110.3,0.0,,Tcp_Mitm_Proxy_scene108294_p15011.pcap
108294798_176710428,Tcp Flood,network,network_denial_of_service,15011,1,429,30430,104,59,52,4,5206,2522.7,0.0,,Tcp_Flood_scene108294_p15011.pcap
108294798_176710428,Zigbee Replay,network,protocol_replay,15011,1,6,334,0,2,2,1,10,0.4,0.0,,Zigbee_Replay_scene108294_p15011.pcap
108294798_176710428,Zigbee Key Extraction,network,protocol_downgrade,15011,1,0,0,0,0,0,0,0,0.4,0.0,,Zigbee_Key_Extraction_scene108294_p15011.pcap
108294798_176710428,Protocol Downgrade,network,protocol_downgrade,15011,1,14,825,2,3,2,0,17,2.3,0.0,,Protocol_Downgrade_scene108294_p15011.pcap
108294798_176710428,Arp Spoof,network,arp_spoofing,15011,1,32,1797,0,3,14,2,29,0.3,0.0,,Arp_Spoof_scene108294_p15011.pcap
108294798_176710428,Dns Poison,network,dns_poisoning,15011,1,0,0,0,0,0,0,0,0.2,0.0,,Dns_Poison_scene108294_p15011.pcap
108294798_176710428,Deauth,network,deauthentication_attack,15011,1,0,0,0,0,0,0,0,0.3,0.0,,Deauth_scene108294_p15011.pcap
108294798_176710428,Evil Twin,network,evil_twin_ap,15011,1,0,0,0,0,0,0,0,0.2,0.0,,Evil_Twin_scene108294_p15011.pcap
108294798_176710428,Traffic Fingerprinting,network,traffic_analysis,15011,1,14,925,2,3,2,0,117,306.8,0.0,,Traffic_Fingerprinting_scene108294_p15011.pcap
108294798_176710428,State-Update Delay Fu Type 1,phantom_delay,,15011,0,0,0,0,0,0,0,0,0.3,9.3,,State-Update_Delay_Fu_Type_1_scene108294_p15011.pcap
108294798_176710428,Erroneous Execution Fu Type 2,phantom_delay,,15011,0,0,0,0,0,0,0,0,0.2,9.3,,Erroneous_Execution_Fu_Type_2_scene108294_p15011.pcap
108294798_176710428,Action Reorder Fu Type 4,phantom_delay,,15011,0,0,0,0,0,0,0,0,0.2,9.3,,Action_Reorder_Fu_Type_4_scene108294_p15011.pcap
108294939_176710668,Buffer Overflow Cmd,firmware,buffer_overflow,15012,0,56,4576,8,12,8,0,1344,32.3,0.0,CVE-2020-12695 (UPnP buffer overflow in IoT devices),Buffer_Overflow_Cmd_scene108294_p15012.pcap
108294939_176710668,Buffer Overflow Setid,firmware,buffer_overflow,15012,0,56,3608,8,12,8,0,376,7.1,0.0,CVE-2021-28372 (ThroughTek IoT device overflow),Buffer_Overflow_Setid_scene108294_p15012.pcap
108294939_176710668,Auth Bypass No Token,firmware,authentication_bypass,15012,1,84,5057,12,18,12,0,209,6.5,0.0,CVE-2019-19356 (Netis router auth bypass),Auth_Bypass_No_Token_scene108294_p15012.pcap
108294939_176710668,Auth Bypass Empty Token,firmware,authentication_bypass,15012,1,70,4255,10,15,10,0,215,8.9,0.0,CVE-2020-25078 (D-Link DCS camera hardcoded credentials),Auth_Bypass_Empty_Token_scene108294_p15012.pcap
108294939_176710668,Info Disclosure Debug Dump,firmware,information_disclosure,15012,1,28,1734,4,6,4,0,118,4.6,0.0,CVE-2021-36260 (Hikvision debug endpoint info disclosure),Info_Disclosure_Debug_Dump_scene108294_p15012.pcap
108294939_176710668,Info Disclosure Token Leak,firmware,information_disclosure,15012,0,72,4389,10,16,10,0,237,7.0,0.0,,Info_Disclosure_Token_Leak_scene108294_p15012.pcap
108294939_176710668,Command Injection Newline,firmware,command_injection,15012,1,70,4131,10,16,9,1,103,414.8,0.0,CVE-2019-17621 (D-Link command injection),Command_Injection_Newline_scene108294_p15012.pcap
108294939_176710668,Command Injection Null Byte,firmware,command_injection,15012,0,14,838,2,3,2,0,30,3004.6,0.0,,Command_Injection_Null_Byte_scene108294_p15012.pcap
108294939_176710668,Fw Update Overflow,firmware,firmware_update_attack,15012,0,42,2939,6,9,6,0,515,61.7,0.0,CVE-2022-25845 (Firmware update vulnerability in smart devices),Fw_Update_Overflow_scene108294_p15012.pcap
108294939_176710668,Fw Update No Signature,firmware,firmware_update_attack,15012,0,30,1900,4,9,2,2,196,4.7,0.0,CVE-2020-10882 (TP-Link unsigned firmware update),Fw_Update_No_Signature_scene108294_p15012.pcap
108294939_176710668,Dos Rapid Commands,firmware,denial_of_service,15012,1,1275,74802,204,310,117,72,1818,576.2,0.0,,Dos_Rapid_Commands_scene108294_p15012.pcap
108294939_176710668,Dos Large Payload,firmware,denial_of_service,15012,1,96,92732,12,29,8,5,87272,14.2,0.0,,Dos_Large_Payload_scene108294_p15012.pcap
108294939_176710668,State Manipulation Disarm,firmware,state_manipulation,15012,1,112,6606,16,27,13,3,178,213.4,0.0,CVE-2019-9483 (SimpliSafe alarm disarm vulnerability),State_Manipulation_Disarm_scene108294_p15012.pcap
108294939_176710668,State Manipulation Calibration,firmware,state_manipulation,15012,0,57,3397,8,16,5,4,157,5.4,0.0,,State_Manipulation_Calibration_scene108294_p15012.pcap
108294939_176710668,Replay Command,firmware,replay_attack,15012,0,57,3373,8,16,5,3,121,206.5,0.0,CVE-2018-11714 (Zigbee replay vulnerability),Replay_Command_scene108294_p15012.pcap
108294939_176710668,Fuzzing Random,firmware,protocol_fuzzing,15012,1,50818,3165366,18,25401,14,2,319366,24771.8,0.0,,Fuzzing_Random_scene108294_p15012.pcap
108294939_176710668,Fuzzing Format Strings,firmware,protocol_fuzzing,15012,0,101,6083,14,25,12,3,295,8.8,0.0,CVE-2019-14889 (libssh format string vulnerability),Fuzzing_Format_Strings_scene108294_p15012.pcap
108294939_176710668,Schedule Oob Write,firmware,buffer_overflow,15012,0,116,7051,16,31,12,6,435,9.1,0.0,CVE-2021-33104 (IoT OOB write vulnerability),Schedule_Oob_Write_scene108294_p15012.pcap
108294939_176710668,Unauthorized Subscribe,network,mqtt_eavesdropping,15012,0,0,0,0,0,0,0,0,107.3,0.0,,Unauthorized_Subscribe_scene108294_p15012.pcap
108294939_176710668,Mqtt Message Injection,network,mqtt_message_injection,15012,0,0,0,0,0,0,0,0,101.1,0.0,,Mqtt_Message_Injection_scene108294_p15012.pcap
108294939_176710668,Mqtt Topic Hijack,network,mqtt_topic_hijack,15012,0,0,0,0,0,0,0,0,107.2,0.0,,Mqtt_Topic_Hijack_scene108294_p15012.pcap
108294939_176710668,Tcp Connection Hijack,network,tcp_connection_hijack,15012,0,2386,162552,2,2316,0,1,28924,505.0,0.0,,Tcp_Connection_Hijack_scene108294_p15012.pcap
108294939_176710668,Tcp Mitm Proxy,network,tcp_man_in_the_middle,15012,1,2882,196330,2,2796,0,1,34926,1118.8,0.0,,Tcp_Mitm_Proxy_scene108294_p15012.pcap
108294939_176710668,Tcp Flood,network,network_denial_of_service,15012,1,12534,854906,104,11785,50,4,151802,2513.9,0.0,,Tcp_Flood_scene108294_p15012.pcap
108294939_176710668,Zigbee Replay,network,protocol_replay,15012,1,3,181,0,2,0,1,25,0.3,0.0,,Zigbee_Replay_scene108294_p15012.pcap
108294939_176710668,Zigbee Key Extraction,network,protocol_downgrade,15012,1,0,0,0,0,0,0,0,0.3,0.0,,Zigbee_Key_Extraction_scene108294_p15012.pcap
108294939_176710668,Protocol Downgrade,network,protocol_downgrade,15012,0,12,701,2,3,1,1,17,1.5,0.0,,Protocol_Downgrade_scene108294_p15012.pcap
108294939_176710668,Arp Spoof,network,arp_spoofing,15012,1,41,2335,0,6,16,3,75,0.3,0.0,,Arp_Spoof_scene108294_p15012.pcap
108294939_176710668,Dns Poison,network,dns_poisoning,15012,1,3,181,0,2,0,1,25,0.1,0.0,,Dns_Poison_scene108294_p15012.pcap
108294939_176710668,Deauth,network,deauthentication_attack,15012,1,0,0,0,0,0,0,0,0.3,0.0,,Deauth_scene108294_p15012.pcap
108294939_176710668,Evil Twin,network,evil_twin_ap,15012,1,0,0,0,0,0,0,0,0.3,0.0,,Evil_Twin_scene108294_p15012.pcap
108294939_176710668,Traffic Fingerprinting,network,traffic_analysis,15012,1,1502,102286,2,1449,0,1,18162,310.4,0.0,,Traffic_Fingerprinting_scene108294_p15012.pcap
108294939_176710668,State-Update Delay Fu Type 1,phantom_delay,,15012,0,0,0,0,0,0,0,0,0.3,9.3,,State-Update_Delay_Fu_Type_1_scene108294_p15012.pcap
108294939_176710668,Erroneous Execution Fu Type 2,phantom_delay,,15012,0,0,0,0,0,0,0,0,0.1,9.3,,Erroneous_Execution_Fu_Type_2_scene108294_p15012.pcap
108294939_176710668,Action Reorder Fu Type 4,phantom_delay,,15012,0,0,0,0,0,0,0,0,0.2,9.3,,Action_Reorder_Fu_Type_4_scene108294_p15012.pcap
